0,"Cháº¥t liá»‡u gá»— cháº¯c cháº¯n vÃ  bá»n, HoÃ n háº£o Ä‘á»ƒ sáº¯p xáº¿p vÃ  trÆ°ng bÃ y cÃ¡c máº·t hÃ ng,",5
1,"Tay nghá» cháº¥t lÆ°á»£ng cao, HoÃ n háº£o Ä‘á»ƒ sáº¯p xáº¿p vÃ  trÆ°ng bÃ y cÃ¡c máº·t hÃ ng, Nhiá»u táº§ng cho khÃ´ng gian lÆ°u trá»¯ rá»™ng rÃ£i,",5
2,"HoÃ n háº£o Ä‘á»ƒ sáº¯p xáº¿p vÃ  trÆ°ng bÃ y cÃ¡c máº·t hÃ ng, Ká»‡ gá»— Ä‘a nÄƒng tiá»‡n dá»¥ng, Thiáº¿t káº¿ tá»• ong Ä‘á»™c Ä‘Ã¡o vÃ  tiá»‡n dá»¥ng,",5
3,"Cháº¥t liá»‡u gá»— cháº¯c cháº¯n vÃ  bá»n, CÃ³ nhiá»u kÃ­ch cá»¡ khÃ¡c nhau Ä‘á»ƒ Ä‘Ã¡p á»©ng nhu cáº§u khÃ¡c nhau, Nhiá»u táº§ng cho khÃ´ng gian lÆ°u trá»¯ rá»™ng rÃ£i, Phong cÃ¡ch thanh lá»‹ch vÃ  hiá»‡n Ä‘áº¡i, Ráº¥t lÃ  Æ°ng nha!",5
4,"CÃ³ nhiá»u kÃ­ch cá»¡ khÃ¡c nhau Ä‘á»ƒ Ä‘Ã¡p á»©ng nhu cáº§u khÃ¡c nhau, HoÃ n háº£o Ä‘á»ƒ sáº¯p xáº¿p vÃ  trÆ°ng bÃ y cÃ¡c máº·t hÃ ng, Dá»… dÃ ng láº¯p rÃ¡p vÃ  thÃ¡o rá»i,",5
5,"ğŸ›¡Äá»™ bá»n:á»•n , há»£p vá»›i há»c sinhThiáº¿t káº¿ tá»• ong Ä‘á»™c Ä‘Ã¡o vÃ  tiá»‡n dá»¥ng,",5
6,"ChÆ°a cÃ³ thá»i gian láº¯p rÃ¡p,gá»— náº·ng tay cháº¯c cháº¯n,giao hÃ ng Ä‘Ãºng kÃ­ch thÆ°á»›c vÃ  Ä‘Ãºng thá»i gian",5
7,"Versatile and convenient wooden shelf, Sleek and modern style, Easy to assemble and disassemble,",5
8,"HoÃ n háº£o Ä‘á»ƒ sáº¯p xáº¿p vÃ  trÆ°ng bÃ y cÃ¡c máº·t hÃ ng, Dá»… dÃ ng láº¯p rÃ¡p vÃ  thÃ¡o rá»i, Nhiá»u táº§ng cho khÃ´ng gian lÆ°u trá»¯ rá»™ng rÃ£i, Ká»‡ gá»— Ä‘a nÄƒng tiá»‡n dá»¥ng,",5
9,ÄÃ¢y lÃ  láº§n tiáº¿p thá»© hai mÃ¬nh Ä‘áº·t hÃ ng. Sáº³n pháº©m dá»… láº¯p ghÃ©p! PhÃ¹ há»£p vá»›i nhu cáº§u sá»­ dá»¥ng cá»§a mÃ¬nh,5
10,Sp á»•n so vá»›i giÃ¡ cÅ©ng khÃ¡ cháº¯c cháº¯n láº¯p ghÃ©p dá»… dÃ ng náº¿u dÃ y hÆ¡n chÃºt thÃ¬ nhÃ¬n sáº½ chaáº¯c cháº¯n hÆ¡n,5
11,ğŸ›¡Äá»™ bá»n:50 kÃ½ tá»± 50 kÃ½ tá»± 50 kÃ½ tá»± 50 kÃ½ tá»± 50 kÃ½ tá»± 50 kÃ½ tá»± 50 kÃ½ tá»± 50 kÃ½ tá»± 50 kÃ½ tá»± 50 kÃ½ tá»±,5
12,"Äáº¹p tuyá»‡t vá»i nhÃ©, cháº¥t mÃ¹n cÆ°a hÆ¡i má»m nhÆ°g Ä‘á»ƒ Ä‘á»“ thÃ¬ okkk nhÃ©a",5
13,Ä‘áº¹p.dá»… láº¯p rÃ¡p.tiá»‡n dá»¥ng,5
14,"Ká»‡ gá»— Ä‘a nÄƒng tiá»‡n dá»¥ng, Dá»… dÃ ng láº¯p rÃ¡p vÃ  thÃ¡o rá»i, giao tÆ°Æ¡ng Ä‘á»‘i nhanh, bá»c hÃ ng ká»¹ lÆ°á»¡ng . Táº·ng shop 5 sao .",5
15,Cháº¥t lÆ°á»£ng tá»‘t vá»›i giÃ¡ tháº¥p,5
16,"good value for it's money. probably you are not allowed to put even a drop of water on it, it spoils the surface.",4
17,"Ká»‡ gá»— cháº¯c cháº¯n , dá»… láº¯p rÃ¡p . ÄÃºng kÃ­ch thÆ°á»›c Ä‘Ã£ Ä‘áº·t . Ká»‡ Ä‘áº¹p . Sáº½ á»§ng há»™ láº§n sau. Táº·ng shop 5 sao",5
18,Convenient nice rack. Placed right inside the closet.,5
19,"Good quality, easy to assemble. Fast shipping. Comes in various sizes for different needs,",5
20,"Cháº¥t liá»‡u gá»— cháº¯c cháº¯n vÃ  bá»n, HoÃ n háº£o Ä‘á»ƒ sáº¯p xáº¿p vÃ  trÆ°ng bÃ y cÃ¡c máº·t hÃ ng,",5
21,"Tay nghá» cháº¥t lÆ°á»£ng cao, HoÃ n háº£o Ä‘á»ƒ sáº¯p xáº¿p vÃ  trÆ°ng bÃ y cÃ¡c máº·t hÃ ng, Nhiá»u táº§ng cho khÃ´ng gian lÆ°u trá»¯ rá»™ng rÃ£i,",5
22,"HoÃ n háº£o Ä‘á»ƒ sáº¯p xáº¿p vÃ  trÆ°ng bÃ y cÃ¡c máº·t hÃ ng, Ká»‡ gá»— Ä‘a nÄƒng tiá»‡n dá»¥ng, Thiáº¿t káº¿ tá»• ong Ä‘á»™c Ä‘Ã¡o vÃ  tiá»‡n dá»¥ng,",5
23,"Cháº¥t liá»‡u gá»— cháº¯c cháº¯n vÃ  bá»n, CÃ³ nhiá»u kÃ­ch cá»¡ khÃ¡c nhau Ä‘á»ƒ Ä‘Ã¡p á»©ng nhu cáº§u khÃ¡c nhau, Nhiá»u táº§ng cho khÃ´ng gian lÆ°u trá»¯ rá»™ng rÃ£i, Phong cÃ¡ch thanh lá»‹ch vÃ  hiá»‡n Ä‘áº¡i, Ráº¥t lÃ  Æ°ng nha!",5
24,"CÃ³ nhiá»u kÃ­ch cá»¡ khÃ¡c nhau Ä‘á»ƒ Ä‘Ã¡p á»©ng nhu cáº§u khÃ¡c nhau, HoÃ n háº£o Ä‘á»ƒ sáº¯p xáº¿p vÃ  trÆ°ng bÃ y cÃ¡c máº·t hÃ ng, Dá»… dÃ ng láº¯p rÃ¡p vÃ  thÃ¡o rá»i,",5
25,"ğŸ›¡Äá»™ bá»n:á»•n , há»£p vá»›i há»c sinhThiáº¿t káº¿ tá»• ong Ä‘á»™c Ä‘Ã¡o vÃ  tiá»‡n dá»¥ng,",5
26,"ChÆ°a cÃ³ thá»i gian láº¯p rÃ¡p,gá»— náº·ng tay cháº¯c cháº¯n,giao hÃ ng Ä‘Ãºng kÃ­ch thÆ°á»›c vÃ  Ä‘Ãºng thá»i gian",5
27,"Versatile and convenient wooden shelf, Sleek and modern style, Easy to assemble and disassemble,",5
28,"HoÃ n háº£o Ä‘á»ƒ sáº¯p xáº¿p vÃ  trÆ°ng bÃ y cÃ¡c máº·t hÃ ng, Dá»… dÃ ng láº¯p rÃ¡p vÃ  thÃ¡o rá»i, Nhiá»u táº§ng cho khÃ´ng gian lÆ°u trá»¯ rá»™ng rÃ£i, Ká»‡ gá»— Ä‘a nÄƒng tiá»‡n dá»¥ng,",5
29,ÄÃ¢y lÃ  láº§n tiáº¿p thá»© hai mÃ¬nh Ä‘áº·t hÃ ng. Sáº³n pháº©m dá»… láº¯p ghÃ©p! PhÃ¹ há»£p vá»›i nhu cáº§u sá»­ dá»¥ng cá»§a mÃ¬nh,5
30,Sp á»•n so vá»›i giÃ¡ cÅ©ng khÃ¡ cháº¯c cháº¯n láº¯p ghÃ©p dá»… dÃ ng náº¿u dÃ y hÆ¡n chÃºt thÃ¬ nhÃ¬n sáº½ chaáº¯c cháº¯n hÆ¡n,5
31,ğŸ›¡Äá»™ bá»n:50 kÃ½ tá»± 50 kÃ½ tá»± 50 kÃ½ tá»± 50 kÃ½ tá»± 50 kÃ½ tá»± 50 kÃ½ tá»± 50 kÃ½ tá»± 50 kÃ½ tá»± 50 kÃ½ tá»± 50 kÃ½ tá»±,5
32,"Äáº¹p tuyá»‡t vá»i nhÃ©, cháº¥t mÃ¹n cÆ°a hÆ¡i má»m nhÆ°g Ä‘á»ƒ Ä‘á»“ thÃ¬ okkk nhÃ©a",5
33,Ä‘áº¹p.dá»… láº¯p rÃ¡p.tiá»‡n dá»¥ng,5
34,"Ká»‡ gá»— Ä‘a nÄƒng tiá»‡n dá»¥ng, Dá»… dÃ ng láº¯p rÃ¡p vÃ  thÃ¡o rá»i, giao tÆ°Æ¡ng Ä‘á»‘i nhanh, bá»c hÃ ng ká»¹ lÆ°á»¡ng . Táº·ng shop 5 sao .",5
35,"Cháº¥t liá»‡u gá»— cháº¯c cháº¯n vÃ  bá»n, HoÃ n háº£o Ä‘á»ƒ sáº¯p xáº¿p vÃ  trÆ°ng bÃ y cÃ¡c máº·t hÃ ng,",5
36,"Tay nghá» cháº¥t lÆ°á»£ng cao, HoÃ n háº£o Ä‘á»ƒ sáº¯p xáº¿p vÃ  trÆ°ng bÃ y cÃ¡c máº·t hÃ ng, Nhiá»u táº§ng cho khÃ´ng gian lÆ°u trá»¯ rá»™ng rÃ£i,",5
37,"HoÃ n háº£o Ä‘á»ƒ sáº¯p xáº¿p vÃ  trÆ°ng bÃ y cÃ¡c máº·t hÃ ng, Ká»‡ gá»— Ä‘a nÄƒng tiá»‡n dá»¥ng, Thiáº¿t káº¿ tá»• ong Ä‘á»™c Ä‘Ã¡o vÃ  tiá»‡n dá»¥ng,",5
38,"Cháº¥t liá»‡u gá»— cháº¯c cháº¯n vÃ  bá»n, CÃ³ nhiá»u kÃ­ch cá»¡ khÃ¡c nhau Ä‘á»ƒ Ä‘Ã¡p á»©ng nhu cáº§u khÃ¡c nhau, Nhiá»u táº§ng cho khÃ´ng gian lÆ°u trá»¯ rá»™ng rÃ£i, Phong cÃ¡ch thanh lá»‹ch vÃ  hiá»‡n Ä‘áº¡i, Ráº¥t lÃ  Æ°ng nha!",5
39,"CÃ³ nhiá»u kÃ­ch cá»¡ khÃ¡c nhau Ä‘á»ƒ Ä‘Ã¡p á»©ng nhu cáº§u khÃ¡c nhau, HoÃ n háº£o Ä‘á»ƒ sáº¯p xáº¿p vÃ  trÆ°ng bÃ y cÃ¡c máº·t hÃ ng, Dá»… dÃ ng láº¯p rÃ¡p vÃ  thÃ¡o rá»i,",5
40,"Cháº¥t liá»‡u gá»— cháº¯c cháº¯n vÃ  bá»n, HoÃ n háº£o Ä‘á»ƒ sáº¯p xáº¿p vÃ  trÆ°ng bÃ y cÃ¡c máº·t hÃ ng,",5
41,"Tay nghá» cháº¥t lÆ°á»£ng cao, HoÃ n háº£o Ä‘á»ƒ sáº¯p xáº¿p vÃ  trÆ°ng bÃ y cÃ¡c máº·t hÃ ng, Nhiá»u táº§ng cho khÃ´ng gian lÆ°u trá»¯ rá»™ng rÃ£i,",5
42,"HoÃ n háº£o Ä‘á»ƒ sáº¯p xáº¿p vÃ  trÆ°ng bÃ y cÃ¡c máº·t hÃ ng, Ká»‡ gá»— Ä‘a nÄƒng tiá»‡n dá»¥ng, Thiáº¿t káº¿ tá»• ong Ä‘á»™c Ä‘Ã¡o vÃ  tiá»‡n dá»¥ng,",5
43,"Cháº¥t liá»‡u gá»— cháº¯c cháº¯n vÃ  bá»n, CÃ³ nhiá»u kÃ­ch cá»¡ khÃ¡c nhau Ä‘á»ƒ Ä‘Ã¡p á»©ng nhu cáº§u khÃ¡c nhau, Nhiá»u táº§ng cho khÃ´ng gian lÆ°u trá»¯ rá»™ng rÃ£i, Phong cÃ¡ch thanh lá»‹ch vÃ  hiá»‡n Ä‘áº¡i, Ráº¥t lÃ  Æ°ng nha!",5
44,"CÃ³ nhiá»u kÃ­ch cá»¡ khÃ¡c nhau Ä‘á»ƒ Ä‘Ã¡p á»©ng nhu cáº§u khÃ¡c nhau, HoÃ n háº£o Ä‘á»ƒ sáº¯p xáº¿p vÃ  trÆ°ng bÃ y cÃ¡c máº·t hÃ ng, Dá»… dÃ ng láº¯p rÃ¡p vÃ  thÃ¡o rá»i,",5
45,"ğŸ›¡Äá»™ bá»n:á»•n , há»£p vá»›i há»c sinhThiáº¿t káº¿ tá»• ong Ä‘á»™c Ä‘Ã¡o vÃ  tiá»‡n dá»¥ng,",5
46,"ChÆ°a cÃ³ thá»i gian láº¯p rÃ¡p,gá»— náº·ng tay cháº¯c cháº¯n,giao hÃ ng Ä‘Ãºng kÃ­ch thÆ°á»›c vÃ  Ä‘Ãºng thá»i gian",5
47,"Versatile and convenient wooden shelf, Sleek and modern style, Easy to assemble and disassemble,",5
48,"HoÃ n háº£o Ä‘á»ƒ sáº¯p xáº¿p vÃ  trÆ°ng bÃ y cÃ¡c máº·t hÃ ng, Dá»… dÃ ng láº¯p rÃ¡p vÃ  thÃ¡o rá»i, Nhiá»u táº§ng cho khÃ´ng gian lÆ°u trá»¯ rá»™ng rÃ£i, Ká»‡ gá»— Ä‘a nÄƒng tiá»‡n dá»¥ng,",5
49,ÄÃ¢y lÃ  láº§n tiáº¿p thá»© hai mÃ¬nh Ä‘áº·t hÃ ng. Sáº³n pháº©m dá»… láº¯p ghÃ©p! PhÃ¹ há»£p vá»›i nhu cáº§u sá»­ dá»¥ng cá»§a mÃ¬nh,5
50,Sp á»•n so vá»›i giÃ¡ cÅ©ng khÃ¡ cháº¯c cháº¯n láº¯p ghÃ©p dá»… dÃ ng náº¿u dÃ y hÆ¡n chÃºt thÃ¬ nhÃ¬n sáº½ chaáº¯c cháº¯n hÆ¡n,5
51,ğŸ›¡Äá»™ bá»n:50 kÃ½ tá»± 50 kÃ½ tá»± 50 kÃ½ tá»± 50 kÃ½ tá»± 50 kÃ½ tá»± 50 kÃ½ tá»± 50 kÃ½ tá»± 50 kÃ½ tá»± 50 kÃ½ tá»± 50 kÃ½ tá»±,5
52,"Äáº¹p tuyá»‡t vá»i nhÃ©, cháº¥t mÃ¹n cÆ°a hÆ¡i má»m nhÆ°g Ä‘á»ƒ Ä‘á»“ thÃ¬ okkk nhÃ©a",5
53,Ä‘áº¹p.dá»… láº¯p rÃ¡p.tiá»‡n dá»¥ng,5
54,"Ká»‡ gá»— Ä‘a nÄƒng tiá»‡n dá»¥ng, Dá»… dÃ ng láº¯p rÃ¡p vÃ  thÃ¡o rá»i, giao tÆ°Æ¡ng Ä‘á»‘i nhanh, bá»c hÃ ng ká»¹ lÆ°á»¡ng . Táº·ng shop 5 sao .",5
55,Cháº¥t lÆ°á»£ng tá»‘t vá»›i giÃ¡ tháº¥p,5
56,"good value for it's money. probably you are not allowed to put even a drop of water on it, it spoils the surface.",4
57,"Ká»‡ gá»— cháº¯c cháº¯n , dá»… láº¯p rÃ¡p . ÄÃºng kÃ­ch thÆ°á»›c Ä‘Ã£ Ä‘áº·t . Ká»‡ Ä‘áº¹p . Sáº½ á»§ng há»™ láº§n sau. Táº·ng shop 5 sao",5
58,Convenient nice rack. Placed right inside the closet.,5
59,"Good quality, easy to assemble. Fast shipping. Comes in various sizes for different needs,",5
60,"Cháº¥t liá»‡u gá»— cháº¯c cháº¯n vÃ  bá»n, HoÃ n háº£o Ä‘á»ƒ sáº¯p xáº¿p vÃ  trÆ°ng bÃ y cÃ¡c máº·t hÃ ng,",5
61,"Tay nghá» cháº¥t lÆ°á»£ng cao, HoÃ n háº£o Ä‘á»ƒ sáº¯p xáº¿p vÃ  trÆ°ng bÃ y cÃ¡c máº·t hÃ ng, Nhiá»u táº§ng cho khÃ´ng gian lÆ°u trá»¯ rá»™ng rÃ£i,",5
62,"HoÃ n háº£o Ä‘á»ƒ sáº¯p xáº¿p vÃ  trÆ°ng bÃ y cÃ¡c máº·t hÃ ng, Ká»‡ gá»— Ä‘a nÄƒng tiá»‡n dá»¥ng, Thiáº¿t káº¿ tá»• ong Ä‘á»™c Ä‘Ã¡o vÃ  tiá»‡n dá»¥ng,",5
63,"Cháº¥t liá»‡u gá»— cháº¯c cháº¯n vÃ  bá»n, CÃ³ nhiá»u kÃ­ch cá»¡ khÃ¡c nhau Ä‘á»ƒ Ä‘Ã¡p á»©ng nhu cáº§u khÃ¡c nhau, Nhiá»u táº§ng cho khÃ´ng gian lÆ°u trá»¯ rá»™ng rÃ£i, Phong cÃ¡ch thanh lá»‹ch vÃ  hiá»‡n Ä‘áº¡i, Ráº¥t lÃ  Æ°ng nha!",5
64,"CÃ³ nhiá»u kÃ­ch cá»¡ khÃ¡c nhau Ä‘á»ƒ Ä‘Ã¡p á»©ng nhu cáº§u khÃ¡c nhau, HoÃ n háº£o Ä‘á»ƒ sáº¯p xáº¿p vÃ  trÆ°ng bÃ y cÃ¡c máº·t hÃ ng, Dá»… dÃ ng láº¯p rÃ¡p vÃ  thÃ¡o rá»i,",5
65,"ğŸ›¡Äá»™ bá»n:á»•n , há»£p vá»›i há»c sinhThiáº¿t káº¿ tá»• ong Ä‘á»™c Ä‘Ã¡o vÃ  tiá»‡n dá»¥ng,",5
66,"ChÆ°a cÃ³ thá»i gian láº¯p rÃ¡p,gá»— náº·ng tay cháº¯c cháº¯n,giao hÃ ng Ä‘Ãºng kÃ­ch thÆ°á»›c vÃ  Ä‘Ãºng thá»i gian",5
67,"Versatile and convenient wooden shelf, Sleek and modern style, Easy to assemble and disassemble,",5
68,"HoÃ n háº£o Ä‘á»ƒ sáº¯p xáº¿p vÃ  trÆ°ng bÃ y cÃ¡c máº·t hÃ ng, Dá»… dÃ ng láº¯p rÃ¡p vÃ  thÃ¡o rá»i, Nhiá»u táº§ng cho khÃ´ng gian lÆ°u trá»¯ rá»™ng rÃ£i, Ká»‡ gá»— Ä‘a nÄƒng tiá»‡n dá»¥ng,",5
69,ÄÃ¢y lÃ  láº§n tiáº¿p thá»© hai mÃ¬nh Ä‘áº·t hÃ ng. Sáº³n pháº©m dá»… láº¯p ghÃ©p! PhÃ¹ há»£p vá»›i nhu cáº§u sá»­ dá»¥ng cá»§a mÃ¬nh,5
70,"Cháº¥t liá»‡u gá»— cháº¯c cháº¯n vÃ  bá»n, HoÃ n háº£o Ä‘á»ƒ sáº¯p xáº¿p vÃ  trÆ°ng bÃ y cÃ¡c máº·t hÃ ng,",5
71,"Tay nghá» cháº¥t lÆ°á»£ng cao, HoÃ n háº£o Ä‘á»ƒ sáº¯p xáº¿p vÃ  trÆ°ng bÃ y cÃ¡c máº·t hÃ ng, Nhiá»u táº§ng cho khÃ´ng gian lÆ°u trá»¯ rá»™ng rÃ£i,",5
72,"HoÃ n háº£o Ä‘á»ƒ sáº¯p xáº¿p vÃ  trÆ°ng bÃ y cÃ¡c máº·t hÃ ng, Ká»‡ gá»— Ä‘a nÄƒng tiá»‡n dá»¥ng, Thiáº¿t káº¿ tá»• ong Ä‘á»™c Ä‘Ã¡o vÃ  tiá»‡n dá»¥ng,",5
73,"Cháº¥t liá»‡u gá»— cháº¯c cháº¯n vÃ  bá»n, CÃ³ nhiá»u kÃ­ch cá»¡ khÃ¡c nhau Ä‘á»ƒ Ä‘Ã¡p á»©ng nhu cáº§u khÃ¡c nhau, Nhiá»u táº§ng cho khÃ´ng gian lÆ°u trá»¯ rá»™ng rÃ£i, Phong cÃ¡ch thanh lá»‹ch vÃ  hiá»‡n Ä‘áº¡i, Ráº¥t lÃ  Æ°ng nha!",5
74,"CÃ³ nhiá»u kÃ­ch cá»¡ khÃ¡c nhau Ä‘á»ƒ Ä‘Ã¡p á»©ng nhu cáº§u khÃ¡c nhau, HoÃ n háº£o Ä‘á»ƒ sáº¯p xáº¿p vÃ  trÆ°ng bÃ y cÃ¡c máº·t hÃ ng, Dá»… dÃ ng láº¯p rÃ¡p vÃ  thÃ¡o rá»i,",5
75,"ğŸ›¡Äá»™ bá»n:á»•n , há»£p vá»›i há»c sinhThiáº¿t káº¿ tá»• ong Ä‘á»™c Ä‘Ã¡o vÃ  tiá»‡n dá»¥ng,",5
76,"ChÆ°a cÃ³ thá»i gian láº¯p rÃ¡p,gá»— náº·ng tay cháº¯c cháº¯n,giao hÃ ng Ä‘Ãºng kÃ­ch thÆ°á»›c vÃ  Ä‘Ãºng thá»i gian",5
77,"Versatile and convenient wooden shelf, Sleek and modern style, Easy to assemble and disassemble,",5
78,"HoÃ n háº£o Ä‘á»ƒ sáº¯p xáº¿p vÃ  trÆ°ng bÃ y cÃ¡c máº·t hÃ ng, Dá»… dÃ ng láº¯p rÃ¡p vÃ  thÃ¡o rá»i, Nhiá»u táº§ng cho khÃ´ng gian lÆ°u trá»¯ rá»™ng rÃ£i, Ká»‡ gá»— Ä‘a nÄƒng tiá»‡n dá»¥ng,",5
79,ÄÃ¢y lÃ  láº§n tiáº¿p thá»© hai mÃ¬nh Ä‘áº·t hÃ ng. Sáº³n pháº©m dá»… láº¯p ghÃ©p! PhÃ¹ há»£p vá»›i nhu cáº§u sá»­ dá»¥ng cá»§a mÃ¬nh,5
80,Sp á»•n so vá»›i giÃ¡ cÅ©ng khÃ¡ cháº¯c cháº¯n láº¯p ghÃ©p dá»… dÃ ng náº¿u dÃ y hÆ¡n chÃºt thÃ¬ nhÃ¬n sáº½ chaáº¯c cháº¯n hÆ¡n,5
81,ğŸ›¡Äá»™ bá»n:50 kÃ½ tá»± 50 kÃ½ tá»± 50 kÃ½ tá»± 50 kÃ½ tá»± 50 kÃ½ tá»± 50 kÃ½ tá»± 50 kÃ½ tá»± 50 kÃ½ tá»± 50 kÃ½ tá»± 50 kÃ½ tá»±,5
82,"Äáº¹p tuyá»‡t vá»i nhÃ©, cháº¥t mÃ¹n cÆ°a hÆ¡i má»m nhÆ°g Ä‘á»ƒ Ä‘á»“ thÃ¬ okkk nhÃ©a",5
83,Ä‘áº¹p.dá»… láº¯p rÃ¡p.tiá»‡n dá»¥ng,5
84,"Ká»‡ gá»— Ä‘a nÄƒng tiá»‡n dá»¥ng, Dá»… dÃ ng láº¯p rÃ¡p vÃ  thÃ¡o rá»i, giao tÆ°Æ¡ng Ä‘á»‘i nhanh, bá»c hÃ ng ká»¹ lÆ°á»¡ng . Táº·ng shop 5 sao .",5
85,"Cháº¥t liá»‡u gá»— cháº¯c cháº¯n vÃ  bá»n, HoÃ n háº£o Ä‘á»ƒ sáº¯p xáº¿p vÃ  trÆ°ng bÃ y cÃ¡c máº·t hÃ ng,",5
86,"Tay nghá» cháº¥t lÆ°á»£ng cao, HoÃ n háº£o Ä‘á»ƒ sáº¯p xáº¿p vÃ  trÆ°ng bÃ y cÃ¡c máº·t hÃ ng, Nhiá»u táº§ng cho khÃ´ng gian lÆ°u trá»¯ rá»™ng rÃ£i,",5
87,"HoÃ n háº£o Ä‘á»ƒ sáº¯p xáº¿p vÃ  trÆ°ng bÃ y cÃ¡c máº·t hÃ ng, Ká»‡ gá»— Ä‘a nÄƒng tiá»‡n dá»¥ng, Thiáº¿t káº¿ tá»• ong Ä‘á»™c Ä‘Ã¡o vÃ  tiá»‡n dá»¥ng,",5
88,"Cháº¥t liá»‡u gá»— cháº¯c cháº¯n vÃ  bá»n, CÃ³ nhiá»u kÃ­ch cá»¡ khÃ¡c nhau Ä‘á»ƒ Ä‘Ã¡p á»©ng nhu cáº§u khÃ¡c nhau, Nhiá»u táº§ng cho khÃ´ng gian lÆ°u trá»¯ rá»™ng rÃ£i, Phong cÃ¡ch thanh lá»‹ch vÃ  hiá»‡n Ä‘áº¡i, Ráº¥t lÃ  Æ°ng nha!",5
89,"CÃ³ nhiá»u kÃ­ch cá»¡ khÃ¡c nhau Ä‘á»ƒ Ä‘Ã¡p á»©ng nhu cáº§u khÃ¡c nhau, HoÃ n háº£o Ä‘á»ƒ sáº¯p xáº¿p vÃ  trÆ°ng bÃ y cÃ¡c máº·t hÃ ng, Dá»… dÃ ng láº¯p rÃ¡p vÃ  thÃ¡o rá»i,",5
90,"Cháº¥t liá»‡u gá»— cháº¯c cháº¯n vÃ  bá»n, HoÃ n háº£o Ä‘á»ƒ sáº¯p xáº¿p vÃ  trÆ°ng bÃ y cÃ¡c máº·t hÃ ng,",5
91,"Tay nghá» cháº¥t lÆ°á»£ng cao, HoÃ n háº£o Ä‘á»ƒ sáº¯p xáº¿p vÃ  trÆ°ng bÃ y cÃ¡c máº·t hÃ ng, Nhiá»u táº§ng cho khÃ´ng gian lÆ°u trá»¯ rá»™ng rÃ£i,",5
92,"HoÃ n háº£o Ä‘á»ƒ sáº¯p xáº¿p vÃ  trÆ°ng bÃ y cÃ¡c máº·t hÃ ng, Ká»‡ gá»— Ä‘a nÄƒng tiá»‡n dá»¥ng, Thiáº¿t káº¿ tá»• ong Ä‘á»™c Ä‘Ã¡o vÃ  tiá»‡n dá»¥ng,",5
93,"Cháº¥t liá»‡u gá»— cháº¯c cháº¯n vÃ  bá»n, CÃ³ nhiá»u kÃ­ch cá»¡ khÃ¡c nhau Ä‘á»ƒ Ä‘Ã¡p á»©ng nhu cáº§u khÃ¡c nhau, Nhiá»u táº§ng cho khÃ´ng gian lÆ°u trá»¯ rá»™ng rÃ£i, Phong cÃ¡ch thanh lá»‹ch vÃ  hiá»‡n Ä‘áº¡i, Ráº¥t lÃ  Æ°ng nha!",5
94,"CÃ³ nhiá»u kÃ­ch cá»¡ khÃ¡c nhau Ä‘á»ƒ Ä‘Ã¡p á»©ng nhu cáº§u khÃ¡c nhau, HoÃ n háº£o Ä‘á»ƒ sáº¯p xáº¿p vÃ  trÆ°ng bÃ y cÃ¡c máº·t hÃ ng, Dá»… dÃ ng láº¯p rÃ¡p vÃ  thÃ¡o rá»i,",5
95,"ğŸ›¡Äá»™ bá»n:á»•n , há»£p vá»›i há»c sinhThiáº¿t káº¿ tá»• ong Ä‘á»™c Ä‘Ã¡o vÃ  tiá»‡n dá»¥ng,",5
96,"ChÆ°a cÃ³ thá»i gian láº¯p rÃ¡p,gá»— náº·ng tay cháº¯c cháº¯n,giao hÃ ng Ä‘Ãºng kÃ­ch thÆ°á»›c vÃ  Ä‘Ãºng thá»i gian",5
97,"Versatile and convenient wooden shelf, Sleek and modern style, Easy to assemble and disassemble,",5
98,"HoÃ n háº£o Ä‘á»ƒ sáº¯p xáº¿p vÃ  trÆ°ng bÃ y cÃ¡c máº·t hÃ ng, Dá»… dÃ ng láº¯p rÃ¡p vÃ  thÃ¡o rá»i, Nhiá»u táº§ng cho khÃ´ng gian lÆ°u trá»¯ rá»™ng rÃ£i, Ká»‡ gá»— Ä‘a nÄƒng tiá»‡n dá»¥ng,",5
99,ÄÃ¢y lÃ  láº§n tiáº¿p thá»© hai mÃ¬nh Ä‘áº·t hÃ ng. Sáº³n pháº©m dá»… láº¯p ghÃ©p! PhÃ¹ há»£p vá»›i nhu cáº§u sá»­ dá»¥ng cá»§a mÃ¬nh,5
100,Sp á»•n so vá»›i giÃ¡ cÅ©ng khÃ¡ cháº¯c cháº¯n láº¯p ghÃ©p dá»… dÃ ng náº¿u dÃ y hÆ¡n chÃºt thÃ¬ nhÃ¬n sáº½ chaáº¯c cháº¯n hÆ¡n,5
101,ğŸ›¡Äá»™ bá»n:50 kÃ½ tá»± 50 kÃ½ tá»± 50 kÃ½ tá»± 50 kÃ½ tá»± 50 kÃ½ tá»± 50 kÃ½ tá»± 50 kÃ½ tá»± 50 kÃ½ tá»± 50 kÃ½ tá»± 50 kÃ½ tá»±,5
102,"Äáº¹p tuyá»‡t vá»i nhÃ©, cháº¥t mÃ¹n cÆ°a hÆ¡i má»m nhÆ°g Ä‘á»ƒ Ä‘á»“ thÃ¬ okkk nhÃ©a",5
103,Ä‘áº¹p.dá»… láº¯p rÃ¡p.tiá»‡n dá»¥ng,5
104,"Ká»‡ gá»— Ä‘a nÄƒng tiá»‡n dá»¥ng, Dá»… dÃ ng láº¯p rÃ¡p vÃ  thÃ¡o rá»i, giao tÆ°Æ¡ng Ä‘á»‘i nhanh, bá»c hÃ ng ká»¹ lÆ°á»¡ng . Táº·ng shop 5 sao .",5
105,Cháº¥t lÆ°á»£ng tá»‘t vá»›i giÃ¡ tháº¥p,5
106,"good value for it's money. probably you are not allowed to put even a drop of water on it, it spoils the surface.",4
107,"Ká»‡ gá»— cháº¯c cháº¯n , dá»… láº¯p rÃ¡p . ÄÃºng kÃ­ch thÆ°á»›c Ä‘Ã£ Ä‘áº·t . Ká»‡ Ä‘áº¹p . Sáº½ á»§ng há»™ láº§n sau. Táº·ng shop 5 sao",5
108,Convenient nice rack. Placed right inside the closet.,5
109,"Good quality, easy to assemble. Fast shipping. Comes in various sizes for different needs,",5
110,hÃ ng nháº­n vá» quÃ¡ ok luÃ´n áº¡ mÃ¬nh sÄƒn Ä‘Æ°á»£c sale nÃªn giÃ¡ tá»‘t. cáº£m Æ¡n shop ráº¥t nhiá»u,5
111,"Good quality, fast shipping, easy to assemble.",5
112,"Kiá»ƒu dÃ¡ng:Cháº¥t liá»‡u gá»— cháº¯c cháº¯n vÃ  bá»n,",5
113,Teacher and lÃ  Ä‘c nghá»‰ Ä‘i you lÃ  má»™t loÃ i bÆ°á»›m ngÃ y thuá»™c há» you lÃ  má»™t loÃ i bÆ°á»›m ngÃ y thuá»™c há» you vÃ  má»™t nÄƒm sau em vá» em cÃ³ cÃ¡i nÃ o khÃ´ng hay chá»‰,5
114,"Giao hÃ ng khÃ¡ nhanh, Ä‘Ã³ngvgois cáº©n tháº­n. Ká»‡ tá»§ Ä‘ep, dá»… láº¯p ráº¯p. ÄÃ¡ng tin, nÃªn muağŸ‘",5
115,"CÃ³ nhiá»u kÃ­ch cá»¡ khÃ¡c nhau Ä‘á»ƒ Ä‘Ã¡p á»©ng nhu cáº§u khÃ¡c nhau, Phong cÃ¡ch thanh lá»‹ch vÃ  hiá»‡n Ä‘áº¡i, Ká»‡ gá»— Ä‘a nÄƒng tiá»‡n dá»¥ng,",5
116,tá»‘t,5
117,"ká»‡ Ä‘áº¹p, bá»‹ sá»©t má»™t tÃ­ nhÆ°ng mÃ  shop khoan hÆ¡i lá»‡ch, tui pháº£i dÃ¹ng háº¿t sá»©c lá»±c trong báº£n thá»ƒ yáº¿u Ä‘uá»‘i nÃ y ğŸ¥¹ğŸ¥¹ğŸ¥¹",5
118,"Giao hÃ ng nhanh, sáº£n pháº©m Ä‘Ãºng máº«u, tuy cÃ³ hÆ¡i yáº¿u vÃ  má»ng manh nhÆ°ng vá»›i giÃ¡ tiá»n nhÆ° váº­y thÃ¬ phÃ¹ há»£p,",5
119,"Cháº¥t lÆ°á»£ng gá»— Ä‘áº¡t tiÃªu chuáº©n;Dá»… láº¯p rÃ¡p;NhÆ°ng bÃ¡n ká»‡ NÃŠN KÃˆM THE"" cháº¡y O Táº¤M LÃ“T ÄÃY,khÃ´ng cÃ³ táº¥m lÃ³t ngÆ°á» dÃ¹ng láº¡i pháº£i Ä‘i "" kiáº¿m"",gÃ¢y máº¥t thá»i gian khi sáº¯m Ä‘Æ°á»£c ká»‡ vá»",5
120,"gá»— CN, cÃ³ láº½ dÃ¹ng Ä‘Æ°á»£c 3-5 nÄƒm, báº¯t thÃªm ke gÃ³c cho cháº¯c cháº¯n",5
121,"Multiple tiers for ample storage space, Sturdy and durable wooden material, Versatile and convenient wooden shelf, but this is very thin",5
122,"ÄÃ¡ng tiá»n:há»™p Ä‘áº¹p, gáº¥p ráº¥t gá»n. cháº¥t liá»‡u lÃ  váº£i vÃ  giáº¥y nÃªn khÃ´ng thá»ƒ giáº·t hay lÃ m Æ°á»›t Ä‘Æ°á»£c, chá»‰ dÃ¹ng Ä‘á»ƒ sáº¯p xáº¿p Ä‘á»“ láº·t váº·t linh tinh thÃ´i nhÆ°ng sá»©c chá»©a lá»›n. KÃ­ch thÆ°á»›c vá»«a vá»›i Ã´ tá»§ tá»• ong. Náº¿u cáº§n thÃªm sáº½ quay láº¡i.",5
123,"giao nhanh hÆ¡n dá»± kiáº¿n, Ä‘áº§y Ä‘á»§ Ä‘á»“ nhÆ°ng mÃ  khÃ´ng Ä‘Ãºng mÃ u tÃ´i Ä‘áº·t vÃ  gá»— cÃ³ 1 Ä‘Æ°á»ng ná»©t cÅ©ng ko Ä‘áº¿n ná»—i nÃ o. NÃ³i chung cÅ©ng á»•n.",4
124,"Ká»‡ tÆ°Æ¡ng Ä‘á»‘i cháº¯c cháº¯n, Ä‘á»ƒ Ä‘á»“ nháº¹ vÃ  trong mÃ´i trÆ°á»ng khÃ´ rÃ¡o thÃ¬ cÅ©ng á»•n, phÃ¹ há»£p vá»›i giÃ¡ tiá»n, hÃ¬nh áº£nh mang tÃ­nh minh hoáº¡ nhÆ°ng sp giá»‘ng hÃ¬nh qc",5
125,"Sáº£n pháº©m Ä‘Ãºng nhÆ° mÃ´ táº£ , hÃ¬nh thá»©c giao hÃ ng nhanh, chÆ°a dÃ¹ng lÃ¢u nÃªn chÆ°a Ä‘Ã¡nh giÃ¡ Ä‘Æ°á»£c cháº¥t lÆ°á»£ng sáº£n pháº©m nhÆ°ng váº«n táº·ng shop nÄƒm sao Ä‘á»ƒ Ä‘á»™ng viÃªn shop cÃ³ nhá»¯ng sáº£n pháº©m cháº¥t lÆ°á»£ng tá»‘t hÆ¡n.",5
126,"ká»‡ ráº¥t Ä‘áº¹p. ráº¥t cháº¯c cháº¯n. má»i ngÆ°á»i nÃªn mua nhÃ©, shop Ä‘Ã³ng gÃ³i ráº¥t cáº©n tháº­n. láº§n t2 mua cá»§a shop",5
127,"Dá»… dÃ ng láº¯p rÃ¡p vÃ  thÃ¡o rá»i,",5
128,"ğŸ¨Thiáº¿t káº¿:Cháº¥t liá»‡u gá»— cháº¯c cháº¯n vÃ  bá»n,",5
129,"Nhiá»u táº§ng cho khÃ´ng gian lÆ°u trá»¯ rá»™ng rÃ£i, Tay nghá» cháº¥t lÆ°á»£ng cao,",5
130,CÃ³ nhá»¯ng táº¥m bá»‹ lá»—i nhÆ° hÃ¬nh. CÃ²n láº¡i cÅ©ng dá»… láº¯p rÃ¡p. Cháº¥t lÆ°á»£ng phuc há»£p vá»›i giÃ¡ tiá»n,4
131,"Ká»‡ gá»— Ä‘a nÄƒng ká»‡ gá»— tá»• ong gá»— PDF, ká»‡ ráº¥t Ä‘áº¹p ráº¥t hÃ i lÃ²ng. Láº§n sau sáº½ á»§ng há»™ tiáº¿p",5
132,"cháº¥t liá»‡u táº¡m á»•n, cÃ²n nhiá»u gÃ³c chÆ°a xá»­ lÃ½ nÃªn khi láº¯p rÃ¡p dá»… xÆ°á»›c tay",5
133,"Cháº¥t gá»— mÃ¹n cÆ°a hÆ¡i má»m, Ä‘á»ƒ Ä‘Æ°á»£c Ä‘á»“ nháº¹ nháº¹ trÃ¡nh áº©m Æ°á»›t, giÃ¡ cáº£ pháº£i trÄƒng",5
134,cháº¥t lÆ°á»£ng táº¡m á»•n. cÃ²n nhiewuf gÃ³c chÆ°a xá»­ lÃ½ kÄ© nÃªn lÃºc láº¯p rÃ¡p dá»… xÆ°á»›c tay,5
135,"Versatile and convenient wooden shelf, High-quality craftsmanship, Versatile and convenient wooden shelf, Perfect for organizing and displaying items, Perfect for organizing and displaying items, Sturdy and durable wooden material,",5
136,"CÃ³ nhiá»u kÃ­ch cá»¡ khÃ¡c nhau Ä‘á»ƒ Ä‘Ã¡p á»©ng nhu cáº§u khÃ¡c nhau, Tay nghá» cháº¥t lÆ°á»£ng cao, Dá»… láº¯p rÃ¡p, dá»…",5
137,"CÃ³ nhiá»u kÃ­ch cá»¡ khÃ¡c nhau Ä‘á»ƒ Ä‘Ã¡p á»©ng nhu cáº§u khÃ¡c nhau, Dá»… dÃ ng láº¯p rÃ¡p vÃ  thÃ¡o rá»i, Ká»‡ gá»— Ä‘a nÄƒng tiá»‡n dá»¥ng, Ká»‡ gá»— Ä‘a nÄƒng tiá»‡n dá»¥ng, Nhiá»u táº§ng cho khÃ´ng gian lÆ°u trá»¯ rá»™ng rÃ£i,",5
138,"Äáº¹p, dá»… láº¯p rÃ¡p, thiáº¿t káº¿ tráº» trung, hiÃªn Ä‘áº¡i, chá»©a Ä‘Æ°á»£c ráº¥t nhiá»u Ä‘á»“ dÃ¹ng. .ÄÃ¡ng tiá»n, nÃªn mua nhÃ©.",5
139,Ká»‡ gá»— Ä‘a nÄƒng ká»‡ gá»— tá»• ong gá»— MDF ráº¥t Ä‘áº¹p. NhÆ°ng khÃ´ng Ä‘áº·t vá»«a A4,5
140,ÄÃ¡ng tiá»n:sáº£n pháº©m Ä‘Ã¡ng giÃ¡ tiá»n,5
141,"Cháº¥t liá»‡u gá»— cháº¯c cháº¯n vÃ  bá»n, Ká»‡ gá»— Ä‘a nÄƒng tiá»‡n dá»¥ng, Phong cÃ¡ch thanh lá»‹ch vÃ  hiá»‡n Ä‘áº¡i, Nhiá»u táº§ng cho khÃ´ng gian lÆ°u trá»¯ rá»™ng rÃ£i,",5
142,"ká»‡ Ä‘áº¹p láº¯p rÃ¡p ráº¥t dá»… luÃ´n, mÃ¬nh mua Ä‘á»±ng Ä‘á»“ cho bÃ© cÃºn, tháº¥y gá»n vÃ  sang trá»ng láº¯m cáº£m Æ¡n shop. Äáº·t flash sale cÅ©ng hÆ¡i nghi nghi mÃ  giá» tháº¥y ráº¥t Æ°ng luÃ´n Ã½",5
143,Shop Ä‘Ã³ng gÃ³i chuáº©n bá»‹ hÃ ng nhanh. Anh shiper vui váº» nhiá»‡t tÃ¬nhğŸ,5
144,sáº£n pháº©m cÅ©ng dc nhÆ°ng trÆ°á»›c khi gá»­i hÃ ng shop kiá»ƒm tra láº¡i xem cÃ³ dÃ­nh bÄƒng keo lÃªn k nhÃ©. bÃ³c mÃ£i cháº£ dc thÃ´i Ä‘Ã nh ká»‡..vá» tá»›i tay nhiá»u chá»— bá»‹ sá»©t. nhiá»u lá»— vÃ­t bá»‹ vÃªnh shop áº¡. báº¯n lá»‡ch. nhÆ°ng váº«n cho 5 sao vÃ¬ giao nhanh,5
145,"giao hÃ ng nhanh, Ä‘Ã³ng gÃ³i cáº©n tháº­n, Ä‘á»§ sá»‘ lÆ°á»£ng.",5
146,"Dá»… dÃ ng láº¯p rÃ¡p vÃ  thÃ¡o rá»i, Cháº¥t liá»‡u gá»— cháº¯c cháº¯n vÃ  bá»n, Nhiá»u táº§ng cho khÃ´ng gian lÆ°u trá»¯ rá»™ng rÃ£i, Tay nghá» cháº¥t lÆ°á»£ng cao, Tay nghá» cháº¥t lÆ°á»£ng cao, Dá»… dÃ ng láº¯p rÃ¡p vÃ  thÃ¡o rá»i, Nhiá»u táº§ng cho khÃ´ng gian lÆ°u trá»¯ rá»™ng rÃ£i,",5
147,GÃ³i hÃ ng cáº©n tháº­n Giao hÃ ng nhanh Sp cháº¥t lÆ°á»£ng dá»… láº¯p k bá»‹ tráº§y xÆ°á»›c,5
148,Tá»§ Ä‘áº¹p dá»… láº¯p dá»… váº­n chuyá»ƒn áº¡.,5
149,"Easy to assemble and disassemble, Versatile and convenient wooden shelf, Multiple tiers for ample storage space, Sleek and modern style,",5
150,"Ká»‡ gá»— Ä‘a nÄƒng tiá»‡n dá»¥ng, Dá»… dÃ ng láº¯p rÃ¡p vÃ  thÃ¡o rá»i, Nhiá»u táº§ng cho khÃ´ng gian lÆ°u trá»¯ rá»™ng rÃ£i,",5
151,ğŸ¨Thiáº¿t káº¿:ok,5
152,"ğŸ¨Thiáº¿t káº¿:Nhiá»u táº§ng cho khÃ´ng gian lÆ°u trá»¯ rá»™ng rÃ£i, Dá»… dÃ ng láº¯p rÃ¡p vÃ  thÃ¡o rá»i, HoÃ n háº£o Ä‘á»ƒ sáº¯p xáº¿p vÃ  trÆ°ng bÃ y cÃ¡c máº·t hÃ ng,",5
153,"táº¡m Ä‘c, vÃ­t hÆ¡i nhá»",5
154,"Comes in various sizes for different needs, Comes in various sizes for different needs,",5
155,"Dá»… dÃ ng láº¯p rÃ¡p vÃ  thÃ¡o rá»i,",5
156,"Ká»‡ bá»‹ sá»©t sáº¹o máº¥y chá»— lá»™ ra gá»— mÃ¹n Ã©p bÃªn trong. loáº¡i ká»‡ nÃ y cháº¥t lÆ°á»£ng k cao nhÆ°ng dÃ¹ng hai ba nÄƒm rá»“i nÃ©m váº«n Ã´k, dÃ¹ sao cÅ©ng k quÃ¡ Ä‘áº¯t. láº¯p hÆ¡i váº¥t tÃ­ nhÆ°ng mÃ  váº«n tá»± láº¯p Ä‘k.",5
157,"ká»‡ xinh, láº¯p dá»…, k khÃ³ nhÆ° mk nghÄ©. sr bÃ n mk hÆ¡i bá»«a bá»™n dthvjbjk PV",5
158,Ká»‡ Ä‘áº¹p dá»… láº¯p nha,5
159,"Sturdy and durable wooden material, Comes in various sizes for different needs, good value for money",5
160,"Giao hÃ ng nhanh ,cháº¥t lÆ°á»£ng sáº£n pháº©m tá»‘t, hÃ ng giá»‘ng máº«u,dhahocbajs",5
161,Máº«u mÃ£:tá»‘t nhÆ° quáº£ng cÃ¡o,5
162,Cháº¥t lÆ°á»£ng tá»‘t vá»›i giÃ¡ tháº¥p,5
163,"Easy to assemble and disassemble, Perfect for organizing and displaying items,",5
164,"Nhiá»u táº§ng cho khÃ´ng gian lÆ°u trá»¯ rá»™ng rÃ£i, Thiáº¿t káº¿ tá»• ong Ä‘á»™c Ä‘Ã¡o vÃ  tiá»‡n dá»¥ng,",5
165,"HÃ ng Ä‘Ãºng mÃ´ táº£, Giao nhanh, cÃ³ á»‘c kÃ¨m theo vÃ  cÃ¡c miáº¿ng gá»— Ä‘Ã£ cÃ³ lá»— khoan sáºµn tiá»‡n lÄƒp rÃ¡p.",5
166,"Phong cÃ¡ch thanh lá»‹ch vÃ  hiá»‡n Ä‘áº¡i, Ká»‡ gá»— Ä‘a nÄƒng tiá»‡n dá»¥ng,",5
167,"Thiáº¿t káº¿ tá»• ong Ä‘á»™c Ä‘Ã¡o vÃ  tiá»‡n dá»¥ng, CÃ³ nhiá»u kÃ­ch cá»¡ khÃ¡c nhau Ä‘á»ƒ Ä‘Ã¡p á»©ng nhu cáº§u khÃ¡c nhau,",5
168,ğŸ¨Designï¼š,5
169,"HÃ ng Ä‘Ãºng mÃ´ táº£, Giao hÃ ng Ä‘Ãºng",5
170,"ká»‡ khÃ¡ Ä‘áº¹p,cháº¯c cháº¯n,dá»… láº¯p rÃ¡p. nhÆ°ng máº§u ko giá»‘ng máº§u máº«u cho láº¯m. cho báº¡n shippper 10 sao nha.",5
171,"Dep nhe moi ngÆ°á»i nÃªn mua de sai Ä‘ang dong tiá»n,â¤ï¸â¤ï¸â¤ï¸sáº½ á»§ng há»™ Shop nhÃ© CÃ³ nhiá»u kÃ­ch cá»¡ khÃ¡c nhau Ä‘á»ƒ Ä‘Ã¡p á»©ng nhu cáº§u khÃ¡c nhau,",5
172,"ğŸ›¡Äá»™ bá»n:CÃ³ nhiá»u kÃ­ch cá»¡ khÃ¡c nhau Ä‘á»ƒ Ä‘Ã¡p á»©ng nhu cáº§u khÃ¡c nhau,",5
173,Ká»‡ xinh xáº»o láº¯m nhÃ¡. MÄ©nh sáº½ mua thÃªm nhiá»u. GiÃ¡ cáº£ phá»‰a chÄƒng. Tuy cÃ³ hÆ¡i bong 1 chÃºt cÃ¡c gÃ³c nhg giÃ¡ ráº» vÃ  Ä‘áº¹p thÃ¬ cÃ²n mong j hÆ¡n,5
174,"HÃ¬nh áº£nh Ä‘á»ƒ nháº­n sao áº¡. E nháº­n hÃ ng nhÆ°ng chÆ°a má»Ÿ, nhÆ°ng tháº¥y khÃ¡c cháº¯c cháº¯n, hi vá»ng giao Ä‘Ãºng máº«u e Ä‘áº·t",5
175,Ká»‡ ok ğŸ˜ con mÃ¬nh ráº¥t thÃ­ch giÃ¡ há»£p lÃ­ hÃ ng vá» k bá»‹ vá»¡ hay lá»—i gÃ¬ ráº¥t á»•n nÃªn mua nhÃ© mn nhÃ¬n ráº¥t Ä‘áº¹p luÃ´n ğŸ˜,5
176,"Ká»‡ gá»— Ä‘a nÄƒng tiá»‡n dá»¥ng,",5
177,"Dá»… dÃ ng láº¯p rÃ¡p vÃ  thÃ¡o rá»i,",5
178,ok,5
179,ok,5
180,"Phong cÃ¡ch thanh lá»‹ch vÃ  hiá»‡n Ä‘áº¡i,",5
181,Itâ€™s nice! Thanks!,5
182,"Dá»… dÃ ng láº¯p rÃ¡p vÃ  thÃ¡o rá»i, Thiáº¿t káº¿ tá»• ong Ä‘á»™c Ä‘Ã¡o vÃ  tiá»‡n dá»¥ng, CÃ³ nhiá»u kÃ­ch cá»¡ khÃ¡c nhau Ä‘á»ƒ Ä‘Ã¡p á»©ng nhu cáº§u khÃ¡c nhau, Cháº¥t liá»‡u gá»— cháº¯c cháº¯n vÃ  bá»n,",5
183,"Nhiá»u táº§ng cho khÃ´ng gian lÆ°u trá»¯ rá»™ng rÃ£i, Ká»‡ gá»— Ä‘a nÄƒng tiá»‡n dá»¥ng,",5
184,Ä‘áº¹p nha ráº¥t hÃ i lÃ²ng,5
185,"Phong cÃ¡ch thanh lá»‹ch vÃ  hiá»‡n Ä‘áº¡i,",5
186,ok,5
187,ok,5
188,nÃ y giá»‘ng giáº¥y hÆ¡n lÃ  gá»— nhak. dÃ­nh nÆ°á»›c sáº½ bá»‹ ráº£ nhak. mÃ¬nh tá»«ng sá»­ dá»¥ng loáº¡i giá»‘ng z nÃªn mÃ¬nh cháº¯c luÃ´n Ã½. nhÆ°ng nhÃ¬n xa thÃ¬ Ä‘áº¹p,5
189,Hang dep ok shop nhe â¤ï¸cam Æ¡n a ship nhÃ¬u luÃ´n sáº½ á»§ng há»™ Shop nhÃ©,5
190,ğŸ¨Thiáº¿t káº¿:Ä‘Ãºng nhÆ° mÃ¬nh mong Ä‘á»£i khÃ´ng cÃ³ gÃ¬ pháº£i bÃ n,5
191,Äáº¹p,5
192,"Thiáº¿t káº¿ tá»• ong Ä‘á»™c Ä‘Ã¡o vÃ  tiá»‡n dá»¥ng, CÃ³ nhiá»u kÃ­ch thÆ°á»›c khÃ¡c nhau phÃ¹ há»£p vá»›i nhu cáº§u sá»­ dá»¥ng, Ká»¹ thuáº­t cháº¿ tÃ¡c cháº¥t lÆ°á»£ng cao,",5
193,"dá»… láº¯p rÃ¡p, gá»— Mdf cháº¯c cháº¯n, tiá»‡n dá»¥ng, tiá»‡n lá»£i, Ä‘Ã¡p á»©ng nhu cáº§u sá»­ dá»¥ng trong khÃ´ng gian cháº­t háº¹p, giÃ¡ tiá»n há»£p lÃ½. NÃªn thiáº¿t káº¿ bá»• sung thÃªm Ä‘á»‡m kÃª cao su phÃ­a dÆ°á»›i tiáº¿p xÃºc vá»›i sÃ n nhÃ ",5
194,"Thiáº¿t káº¿ tá»• ong Ä‘á»™c Ä‘Ã¡o vÃ  tiá»‡n dá»¥ng, Cháº¥t liá»‡u gá»— cháº¯c cháº¯n vÃ  bá»n bá»‰, LÃ½ tÆ°á»Ÿng Ä‘á»ƒ sáº¯p xáº¿p vÃ  trÆ°ng bÃ y cÃ¡c váº­t pháº©m,",5
195,"dá»… láº¯p rÃ¡p, gá»— Mdf cháº¯c cháº¯n, tiá»‡n dá»¥ng, tiá»‡n lá»£i, Ä‘Ã¡p á»©ng nhu cáº§u sá»­ dá»¥ng trong khÃ´ng gian cháº­t háº¹p, giÃ¡ tiá»n há»£p lÃ½",5
196,"Sáº£n pháº©m vá» hÃ¬nh thá»©c thÃ¬ y nhÆ° hÃ¬nh. shop giao Ä‘á»§ linh kiá»‡n Ä‘á»ƒ láº¯p rÃ¡p , nhÆ°ng rÃ¡p xong ráº¥t lá»ng láº»o khÃ´ng cháº¯c cháº¯n .Má»i ngÆ°á»i cÃ¢n nháº¯c khi mua , sáº½ ko mua lai.",4
197,"Perfect for organizing and displaying items, Comes in various sizes for different needs, Sleek and modern style,",5
198,okie,5
199,okie,5
200,"SÄƒn sale khÃ¡ ráº», hÃ ng nháº­n Ä‘áº§y Ä‘á»§, giá»‘ng hÃ¬nh nhÆ°ng váº­n chuyá»ƒn cháº­m vÃ  xÆ°á»›c xÃ¡t nhiá»u.",4
201,Ä‘áº¹p nÃªn mua nha mn!!,5
202,"Cháº¥t liá»‡u gá»— cháº¯c cháº¯n vÃ  bá»n bá»‰, Thiáº¿t káº¿ tá»• ong Ä‘á»™c Ä‘Ã¡o vÃ  tiá»‡n dá»¥ng, Dá»… dÃ ng láº¯p rÃ¡p vÃ  thÃ¡o gá»¡,",5
203,"Dá»… dÃ ng láº¯p rÃ¡p vÃ  thÃ¡o gá»¡, Thiáº¿t káº¿ tá»• ong Ä‘á»™c Ä‘Ã¡o vÃ  tiá»‡n dá»¥ng, NhÆ°ng Ä‘á» nghá»‹ Ä‘Ã³ng gÃ³i ká»¹ hÆ¡n, máº·t gá»— bá»‹ tráº§y, vÃ  bá»‹ thiáº¿u 1 bá»‹ch á»‘c â€¦. Váº«n cho shop 5 sao",5
204,"Ká»‡ dá»… láº¯p rÃ¡p, mÃ u Ä‘áº¹p nma cÃ³ bong trÃ³c má»™t xÃ­uuuuu Ncl oke Ã¡, nÃªn muaDá»… dÃ ng láº¯p rÃ¡p vÃ  thÃ¡o gá»¡, HÃ¬n áº£nh mang tÃ­nh cháº¥t them kháº»o",5
205,"Ká»‡ gá»— Ä‘a nÄƒng tiá»‡n dá»¥ng, LÃ½ tÆ°á»Ÿng Ä‘á»ƒ sáº¯p xáº¿p vÃ  trÆ°ng bÃ y cÃ¡c váº­t pháº©m, Dá»… dÃ ng láº¯p rÃ¡p vÃ  thÃ¡o gá»¡,",5
206,"Máº«u mÃ£:ChÃ o má»«ng báº¡n Ä‘áº¿n vá»›i báº£ng nhá»› táº¡m cá»§a Gboard, báº¥t ká»³ vÄƒn báº£n nÃ o báº¡n sao chÃ©p sáº½ Ä‘Æ°á»£c lÆ°u táº¡i Ä‘Ã¢y.",5
207,"mÃ¬nh tÆ°á»Ÿng shop sáº½ ship cÃ¡i láº¯p sáºµn cho mÃ¬nh, mua pháº£i tá»± láº¯p nha má»i ngÆ°á»i, mÃ¬nh láº¡i con gÃ¡i 1 mÃ¬nh thuÃª phÃ²ng k biáº¿t láº¯p nhÆ° nÃ o. cá»© Ä‘á»ƒ ngoÃ i ban cÃ´ng thÃ´i. Material is puff and there is dust cant remove. and you hv to screw by yrself.",5
208,cÃ¡c ká»‡ lÃ  tá»‘t. má»i thá»© Ä‘á»u cÃ²n nguyÃªn váº¹n. mÃ u sáº¯c lÃ  má»™t mÃ u tráº¯ng mÃ¡t máº». hÃ i lÃ²ng vá»›i viá»‡c mua hÃ ng.,5
209,mua pháº£i tá»± láº¯p nha má»i ng. mÃ¬nh k biáº¿t láº¯p chá»‰ Ä‘á»ƒ ngoÃ i ban cÃ´ng thÃ´i. gá»— pulf hÆ¡i cÅ© cÃ³ mÃ¹i bá»¥i,5
210,"ráº¥t náº·ng vÃ  dÃ y dáº·n! cÃ³ hÆ¡i sá»©t máº» chÃºt nhÆ°ng ko Ä‘Ã¡ng ká»ƒ! Ä‘á»ƒ Ä‘c nhiá»u Ä‘á»“, cáº£m tháº¥y Æ°ng Ã½ láº¯m luÃ´n! quÃªn ko chá»¥p áº£nh láº¡i rá»“i nhÆ°ng ko sao.",5
211,"Shop giao hÃ ng nhanh. ÄÃ³ng gÃ³i cáº©n tháº­n, cÃ³ bá»c mang plastic nÃªn khÃ´ng bá»‹ tráº§y xÆ°á»›c. Láº¯p rÃ¡p dá»… dÃ ng. Ráº¥t Æ°ng Ã½. Táº·ng shop 5 sao nha. Cáº£m Æ¡n shop nhiá»u.",5
212,"Ä‘áº¹p , nhÆ°ng 12mm hÆ¡i má»ng , náº¿u dÃ y 17mm nhÆ° vÃ¡n bÃ¬nh thÆ°á»ng thÃ¬ ráº¥t ok",5
213,ÄÃ¡ng tiá»n:9/10,5
214,"Sáº£n pháº©m Ä‘Ãºng mÃ´ táº£. ÄÃ³ng gÃ³i cáº©n tháº­n, giao hÃ ng siÃªu nhanh. Bá» ra hÆ¡i bá»¥i nhÆ°ng mÃ¬nh láº¥y khÄƒn Æ°á»›t lau lÃ  ok. Pháº£i Ä‘áº·t náº±m xuá»‘ng láº¯p thÃ¬ dá»… hÆ¡n. Ká»‡ vá»«a Ä‘á»§ Ä‘á»ƒ nhá»¯ng Ä‘á»“ nhá», láº·t váº·t. Láº¯p lÃªn cÅ©ng Ä‘áº¹p. Ok táº·ng shop 5 sao.",5
215,"Nhiá»u táº§ng Ä‘á»ƒ táº¡o khÃ´ng gian lÆ°u trá»¯ rá»™ng rÃ£i, Kiá»ƒu dÃ¡ng hiá»‡n Ä‘áº¡i vÃ  tinh táº¿, Ká»‡ gá»— Ä‘a nÄƒng tiá»‡n dá»¥ng,",5
216,"Cháº¥t liá»‡u gá»— cháº¯c cháº¯n vÃ  bá»n bá»‰,LÃ½ tÆ°á»Ÿng Ä‘á»ƒ sáº¯p xáº¿p vÃ  trÆ°ng bÃ y cÃ¡c váº­t pháº©m, Dá»… dÃ ng láº¯p rÃ¡p vÃ  thÃ¡o gá»¡, Kiá»ƒu dÃ¡ng hiá»‡n Ä‘áº¡i vÃ  tinh táº¿,",5
217,"Cháº¥t liá»‡u gá»— : táº¡m Ä‘Æ°á»£c ÄÃ³ng gÃ³i : tráº§y xÆ°á»›c nhiá»u, nhiá»u bá»¥i báº·m vÃ  ba vá»›, khÃ´ng cÃ³ vá»‡ sinh ká»¹ trÆ°á»›c khi Ä‘Ã³ng gÃ³i.",4
218,"Ä‘áº¹p xá»‹n láº¯m nha, láº¯p dá»… cÃ¡c lá»— Ä‘inh báº¯n ráº¥t khÃ­t nhau, hÆ¡i lá»‡ch 1 tÃ­ cÃ¡i cuá»‘i nhÆ°ng khÃ´ng sao. Ä‘Ã³ng gÃ³i ok, gá»— Ã©p cháº¥t mÃ¹n cÆ°a khÃ´ng á»p áº¹p láº¯m, táº¡m Ä‘Æ°á»£c.",5
219,Tá»§ cháº¯c hÆ¡n tÆ°á»Ÿng tÆ°á»£ng Cá»© nghÄ© ráº» tháº¿ khÃ´ng mong Ä‘á»£i nhiá»u NhÆ°ng Ä‘á»ƒ 1 tÃºi xÃ¡ch náº·ng vÃ  1 Ä‘iá»‡n thoáº¡i bÃ n vÃ´ tÆ° áº¢nh mang tÃ­nh cháº¥t minh há»a Dá»… dÃ ng láº¯p rÃ¡p vÃ  thÃ¡o gá»¡,5
220,"Ká»‡ tÆ°Æ¡ng Ä‘á»‘i cháº¯c cháº¯n, giá»‘ng hÃ¬nh, Ä‘á»ƒ Ä‘á»“ nháº¹ vÃ  trong mÃ´i trÆ°á»ng khÃ´ rÃ¡o thÃ¬ cÅ©ng á»•n, phÃ¹ há»£p vá»›i giÃ¡ tiá»n",5
221,"Ká»‡ gá»— Ä‘a nÄƒng tiá»‡n dá»¥ng, Dá»… dÃ ng láº¯p rÃ¡p vÃ  thÃ¡o gá»¡, Ká»¹ thuáº­t cháº¿ tÃ¡c cháº¥t lÆ°á»£ng cao, Thiáº¿t káº¿ tá»• ong Ä‘á»™c Ä‘Ã¡o vÃ  tiá»‡n dá»¥ng,",5
222,"smaller than expected, but I guess this is what you get for the price. the quality though is so-so really, hence I remove one star",5
223,"Dá»… dÃ ng láº¯p rÃ¡p vÃ  thÃ¡o gá»¡, Thiáº¿t káº¿ tá»• ong Ä‘á»™c Ä‘Ã¡o vÃ  tiá»‡n dá»¥ng, CÃ³ nhiá»u kÃ­ch thÆ°á»›c khÃ¡c nhau phÃ¹ há»£p vá»›i nhu cáº§u sá»­ dá»¥ng,",5
224,"LÃ½ tÆ°á»Ÿng Ä‘á»ƒ sáº¯p xáº¿p vÃ  trÆ°ng bÃ y cÃ¡c váº­t pháº©m, Thiáº¿t káº¿ tá»• ong Ä‘á»™c Ä‘Ã¡o vÃ  tiá»‡n dá»¥ng, Nhiá»u táº§ng Ä‘á»ƒ táº¡o khÃ´ng gian lÆ°u trá»¯ rá»™ng rÃ£i, Cháº¥t liá»‡u gá»— cháº¯c cháº¯n vÃ  bá»n bá»‰,",5
225,"LÃ½ tÆ°á»Ÿng Ä‘á»ƒ sáº¯p xáº¿p vÃ  trÆ°ng bÃ y cÃ¡c váº­t pháº©m, CÃ³ nhiá»u kÃ­ch thÆ°á»›c khÃ¡c nhau phÃ¹ há»£p vá»›i nhu cáº§u sá»­ dá»¥ng,",5
226,ÄÃ¡ng tiá»n:Ä‘ang tiá»n,5
227,"Ká»¹ thuáº­t cháº¿ tÃ¡c cháº¥t lÆ°á»£ng cao, Nhiá»u táº§ng Ä‘á»ƒ táº¡o khÃ´ng gian lÆ°u trá»¯ rá»™ng rÃ£i, Kiá»ƒu dÃ¡ng hiá»‡n Ä‘áº¡i vÃ  tinh táº¿, Cháº¥t liá»‡u gá»— cháº¯c cháº¯n vÃ  bá»n bá»‰, Dá»… dÃ ng láº¯p rÃ¡p vÃ  thÃ¡o gá»¡,",5
228,"Cháº¥t liá»‡u gá»— cháº¯c cháº¯n vÃ  bá»n bá»‰, Thiáº¿t káº¿ tá»• ong Ä‘á»™c Ä‘Ã¡o vÃ  tiá»‡n dá»¥ng, Ká»¹ thuáº­t cháº¿ tÃ¡c cháº¥t lÆ°á»£ng cao, Kiá»ƒu dÃ¡ng hiá»‡n Ä‘áº¡i vÃ  tinh táº¿,",5
229,"Gá»— Ã©p nÃªn khÃ¡ dá»… láº¯p rÃ¡p, kÃ­ch thÆ°á»›c vá»«a váº·n xinh xáº¯n vs gÃ³c phÃ²ng nhá», xÃ©t vá» Ä‘á»™ bá»n cháº¯c cx Ä‘c má»™t thá»i gian nhÆ°ng váº«n khÃ¡ lÃ  Æ°ng . phÃ¹ há»£p vs giÃ¡ tiá»n",5
230,"Tá»§ nhá» xinh xinh, láº¯p khÃ¡ dá»… nhÆ°ng 1 miáº¿ng hÆ¡i bá»‹ ná»©t máº·t. Láº¯p lÃªn thÃ¬ Ä‘Ãºng kÃ­ch thÆ°á»›c, mÃ u tráº¯ng hÆ¡i xanh chá»© ko pháº£i tráº¯ng ngÃ  nhÃ©. Äá»ƒ sÃ¡ch nhá» thÃ¬ ok, mÃ  sÃ¡ch lá»›n hay táº¡p chÃ­ thÃ¬ hÆ¡i bá»‹ bÃ©. ÄÆ°á»£c cÃ¡i gá»— náº·ng cháº¯c cháº¯n.",5
231,"máº¥y chá»• gÃ³c cá»§a miáº¿ng vÃ¡n náº¿u shop chÃ¨n xá»‘p chá»‘ng sá»‘c dáº§y lÃªn thÃ¬ váº­n chuyá»ƒn Ã­t bá»‹ mÃ³p máº½, cÃ²n láº¡i táº¥t cáº£ Ä‘á»u ok",5
232,"Há»™p nÃ³i chung dÃ y dáº·n, vá»«a váº·n cÃ¡i tá»§, má»—i tá»™i nhá» xÃ­u. MÃ¬nh chá»§ quan chá»‰ xem clip giá»›i thiá»‡u mÃ  ko Ä‘á»c kÃ­ch thÆ°á»›c nÃªn Ä‘áº¿n lÃºc nháº­n thÃ¬ má»›i tháº¥y bÃ© tÃ­ xÃ­u, to hÆ¡n cÃ¡i tá» A4 1 chÃºt",5
233,"LÃ½ tÆ°á»Ÿng Ä‘á»ƒ sáº¯p xáº¿p vÃ  trÆ°ng bÃ y cÃ¡c váº­t pháº©m, hÃ ng okkkkkkkkkkkkkkkkkkkkkkkkkkkkkkkkkkkkkkkkkkkkkkkkkkkkkkkkkkkkkkkkkkkkkkk",5
234,"Ká»‡ gá»— Ä‘a nÄƒng tiá»‡n dá»¥ng, Nhiá»u táº§ng Ä‘á»ƒ táº¡o khÃ´ng gian lÆ°u trá»¯ rá»™ng rÃ£i, Thiáº¿t káº¿ tá»• ong Ä‘á»™c Ä‘Ã¡o vÃ  tiá»‡n dá»¥ng,",5
235,"Máº«u mÃ£:cÅ©ng há»£p DÃ¹ng Ä‘Æ°á»£c,",5
236,"Khi Ã¡nh máº¯t cá»§a em hÆ°á»›ng vá» anh thÃªm má»™t láº§n ná»¯a thÃ¬ lÃºc Ä‘Ã³ khÃ´ng pháº£i lÃ  yÃªu ná»¯a, mÃ  lÃ  sá»± nuá»‘i tiáº¿c. Em tiáº¿c cho sá»± cá»‘ gáº¯ng cá»§a mÃ¬nh.",5
237,"shop dth, Ä‘Ã³ng gÃ³i kÄ© tuy nhiÃªn trong táº§m giÃ¡ nÃ y thÃ¬ khÃ¡ á»•n, cÃ³ tráº§y xÆ°á»›c nháº¹ viá»n gá»— nhÆ°ng k áº£nh hÆ°á»Ÿng cháº¥t lÆ°á»£ng, dá»… láº¯p Ä‘áº·t",5
238,"Máº«u mÃ£ï¼šÄ‘áº¹p Äá»™ bá»nï¼šchá» má»›i biáº¿t gá»— hÆ¡i má»ng, dá»… láº¯p rÃ¡p, so vá»›i giÃ¡ dÃ¹ng cÃºng Ä‘Æ°á»£c, lÃ m giÃ¡ sÃ¡ch hÆ¡i nhá» khÃ´ng vá»«a tá» a4",5
239,"Khi cÃ³ ngÆ°á»i bá»‹ Ä‘á»™t quá»µ, hÃ£y háº¿t sá»©c bÃ¬nh tÄ©nh. Cho dÃ¹ bá»‡nh nhÃ¢n Ä‘ang á»Ÿ Ä‘Ã¢u, cÅ©ng khÃ´ng Ä‘Æ°á»£c di chuyá»ƒn. VÃ¬ náº¿u bá»‹ di chuyá»ƒn, cÃ¡c máº¡ch mÃ¡u nÃ£o sáº½ vá»¡ ra. HÃ£y giÃºp bá»‡nh nhÃ¢n ngá»“i táº¡i chá»— vÃ  giá»¯ khÃ´ng cho bá»‡nh nhÃ¢n bá»‹ ngÃ£, rá»“i báº¯t Ä‘áº§u chÃ­ch cho mÃ¡u cháº£y ra. Náº¿u báº¡n cÃ³ sáºµn má»™t cÃ¢y kim tiÃªm á»Ÿ nhÃ  thÃ¬ tá»‘t nháº¥t, náº¿u khÃ´ng cÃ³ kim tiÃªm, báº¡n cÃ³ thá»ƒ dÃ¹ng kim may hoáº·c má»™t cÃ¢y kim tháº³ng (Nhá»› lÃ  pháº£i rá»­a tay báº¡n tháº­t sáº¡ch trÆ°á»›c khi thá»±c hiá»‡n cÃ¡c viá»‡c sau Ä‘Ã¢y).",5
240,"Sturdy and durable wooden material, Unique and practical honeycomb design, Perfect for organizing and displaying items, Sleek and modern style,",5
241,"Kiá»ƒu dÃ¡ng hiá»‡n Ä‘áº¡i vÃ  tinh táº¿, Ká»‡ gá»— Ä‘a nÄƒng tiá»‡n dá»¥ng, LÃ½ tÆ°á»Ÿng Ä‘á»ƒ sáº¯p xáº¿p vÃ  trÆ°ng bÃ y cÃ¡c váº­t pháº©m,",5
242,hÃ ng cháº¥t lÆ°á»£ng oke láº¯m ah hÃ ng cháº¥t lÆ°á»£ng oke láº¯m ah hÃ ng cháº¥t lÆ°á»£ng oke láº¯m ah hÃ ng cháº¥t lÆ°á»£ng oke láº¯m ah,5
243,ÄÃ¡ng tiá»n:giÃ¡ cháº¥p nháº­n Ä‘c,5
244,"LÃ½ tÆ°á»Ÿng Ä‘á»ƒ sáº¯p xáº¿p vÃ  trÆ°ng bÃ y cÃ¡c váº­t pháº©m, Nhiá»u táº§ng Ä‘á»ƒ táº¡o khÃ´ng gian lÆ°u trá»¯ rá»™ng rÃ£i, CÃ³ nhiá»u kÃ­ch thÆ°á»›c khÃ¡c nhau phÃ¹ há»£p vá»›i nhu cáº§u sá»­ dá»¥ng, Cháº¥t liá»‡u gá»— cháº¯c cháº¯n vÃ  bá»n bá»‰,",5
245,"Äá»™ bá»n:gá»— dÃ y dáº·n, nhÆ°ng Ä‘Ã³ng vÃ o k Ä‘k cháº¯c láº¯m",5
246,"Dá»… dÃ ng láº¯p rÃ¡p vÃ  thÃ¡o gá»¡, Kiá»ƒu dÃ¡ng hiá»‡n Ä‘áº¡i vÃ  tinh táº¿, Ká»‡ gá»— Ä‘a nÄƒng tiá»‡n dá»¥ng, Thiáº¿t káº¿ tá»• ong Ä‘á»™c Ä‘Ã¡o vÃ  tiá»‡n dá»¥ng,",5
247,"Khi Ã¡nh máº¯t cá»§a em hÆ°á»›ng vá» anh thÃªm má»™t láº§n ná»¯a thÃ¬ lÃºc Ä‘Ã³ khÃ´ng pháº£i lÃ  yÃªu ná»¯a, mÃ  lÃ  sá»± nuá»‘i tiáº¿c. Em tiáº¿c cho sá»± cá»‘ gáº¯ng cá»§a mÃ¬nh.",5
248,"ÄÃºng nhÆ° mÃ´ táº£,ko nghÄ© vá»›i sá»‘ tiá»n Ä‘Ã³ mÃ  láº¡i dc cÃ¡i ká»‡ cá»©ng cÃ¡p háº¿t sá»©c chim Æ°ng ,nÃªn mua nha mn ,con gÃ¡i cÅ©ng ráº¥t dá»… tá»± rÃ¡p.",5
249,Ráº» hÆ¡n chá»— khÃ¡c Ä‘Ã£ mua nhÆ°ng Cáº¡nh hÆ¡i sáº¯c dá»… bá»‹ Ä‘á»©t tay. Äáº·t mua tiáº¿p nhÆ°ng kiáº¿n nghá»‹ kháº¯c phá»¥c cáº¡nh,5
250,"Äá»™ an toÃ n:HoÃ n háº£o Ä‘á»ƒ sáº¯p xáº¿p vÃ  trÆ°ng bÃ y cÃ¡c máº·t hÃ ng, Cháº¥t liá»‡u gá»— cháº¯c cháº¯n vÃ  bá»n, Dá»… dÃ ng láº¯p rÃ¡p vÃ  thÃ¡o rá»i,",5
251,"Thiáº¿t káº¿ tá»• ong Ä‘á»™c Ä‘Ã¡o vÃ  tiá»‡n dá»¥ng, Nhiá»u táº§ng Ä‘á»ƒ táº¡o khÃ´ng gian lÆ°u trá»¯ rá»™ng rÃ£i, Cháº¥t liá»‡u gá»— cháº¯c cháº¯n vÃ  bá»n bá»‰, Ká»¹ thuáº­t cháº¿ tÃ¡c cháº¥t lÆ°á»£ng cao,",5
252,"Ká»¹ thuáº­t cháº¿ tÃ¡c cháº¥t lÆ°á»£ng cao, Kiá»ƒu dÃ¡ng hiá»‡n Ä‘áº¡i vÃ  tinh táº¿, LÃ½ tÆ°á»Ÿng Ä‘á»ƒ sáº¯p xáº¿p vÃ  trÆ°ng bÃ y cÃ¡c váº­t pháº©m,",5
253,Máº«u mÃ£:Ä‘áº¹p,5
254,"Versatile and convenient wooden shelf, Unique and practical honeycomb design, Sturdy and durable wooden material,",5
255,"Shop giao miáº¿ng vá» tá»± láº¯p. Dá»… dÃ ng láº¯p rÃ¡p vÃ  thÃ¡o gá»¡, Ká»‡ gá»— Ä‘a nÄƒng tiá»‡n dá»¥ng,",5
256,"Ká»‡ gá»— Ä‘a nÄƒng tiá»‡n dá»¥ng, CÃ³ nhiá»u kÃ­ch thÆ°á»›c khÃ¡c nhau phÃ¹ há»£p vá»›i nhu cáº§u sá»­ dá»¥ng,",5
257,"tÃºi dÃ y dáº·n, cháº¯c cháº¯n nhÆ°ng cÃ³ láº½ cÅ©ng ko cáº§n thiáº¿t láº¯m. hÃ¬nh áº£nh chá»‰ mang tÃ­nh minh há»a",5
258,"Giao hÃ ng nhanh Ä‘Ã³ng gÃ³i cáº©n tháº­n. Ká»‡ tá»§ ráº¥t Ä‘áº¹p. Dá»… láº¯p rÃ¡p. ÄÃ¡ng tin á»Ÿ shop, nÃªn mua.10Ä‘iá»ƒm",5
259,ÄÃ¡ng tiá»n:ráº¥t á»•n vá»›i giÃ¡ 79k cho cÃ¡i ká»‡ gá»— 2 táº§ng,5
260,"MÃ¬nh tháº¥y sáº£n pháº©m cá»©ng cÃ¡p hÆ¡n mÃ¬nh nghÄ©, mÃ u cÅ©ng Ä‘áº¹p, dá»… dÃ ng Ä‘á»ƒ láº¥p rÃ¡p luÃ´n Ã¡! SiÃªu hÃ i lÃ²ng",5
261,"CÃ³ nhiá»u kÃ­ch thÆ°á»›c khÃ¡c nhau phÃ¹ há»£p vá»›i nhu cáº§u sá»­ dá»¥ng, Ká»¹ thuáº­t cháº¿ tÃ¡c cháº¥t lÆ°á»£ng cao,",5
262,"TrÃ´ng khÃ¡ á»•n, hÆ¡i nhiá»u váº¿t báº§m dáº­p do váº­n chuyá»ƒn nÃªn shop cáº§n lÆ°u Ã½ cÃ¡ch bá»c Ä‘á»“ tá»‘t hÆ¡n.",5
263,ÄÃ¡ng tiá»n:CÃ³,5
264,"Tá»§ Ä‘Æ°á»£c Ä‘Ã³ng gÃ³i cáº©n tháº­n, giao hÃ ng nhanh, dá»… láº¯p rÃ¡p, xáº¿p lÃªn ráº¥t á»•n. Sáº½ á»§ng há»™ shop tiáº¿p tá»¥c.",5
265,"Nhiá»u táº§ng Ä‘á»ƒ táº¡o khÃ´ng gian lÆ°u trá»¯ rá»™ng rÃ£i, Dá»… dÃ ng láº¯p rÃ¡p vÃ  thÃ¡o gá»¡,",5
266,"Cháº¥t lÆ°á»£ng gá»— tá»‘t, lÃ  gá»— Ã©p nhÆ°ng cáº£m nháº­n tá»‘t, bá»n, cá»©ng cÃ¡p, nhÃ¬n sang trá»ng",5
267,"khÃ¡ ok dÃ¹ anh shipper hÆ¡i cá»c tÃ­. ká»‡ dá»… láº¯p, ngÄƒn rá»™ng :))))))))))))))",5
268,Ká»‡ cháº¯c cháº¯n láº¯m nha. Äá»ƒ Ä‘Æ°á»£c nhiá»u Ä‘á»“ láº¯m. MÃ¬nh thÃ­ch láº¯m . Sáº½ Ä‘áº·t mua láº§n sau,5
269,"sáº£n pháº©m Ä‘áº¹p, nháº¹, cháº¯c cháº¯n, cháº¥t lÆ°á»£ng tá»‘t, sáº£n pháº©m mua dÃ¹ng lÃ m trang trÃ­ tá»‘t",5
270,"Nhiá»u táº§ng cho khÃ´ng gian lÆ°u trá»¯ rá»™ng rÃ£i, HoÃ n háº£o Ä‘á»ƒ sáº¯p xáº¿p vÃ  trÆ°ng bÃ y cÃ¡c máº·t hÃ ng,",5
271,"LÃ½ tÆ°á»Ÿng Ä‘á»ƒ sáº¯p xáº¿p vÃ  trÆ°ng bÃ y cÃ¡c váº­t pháº©m, Thiáº¿t káº¿ tá»• ong Ä‘á»™c Ä‘Ã¡o vÃ  tiá»‡n dá»¥ng,",5
272,"ká»‡ dá»… láº¯p rÃ¡p cÃ²n Ä‘á»™ bá»n chá» thá»i gianNhiá»u táº§ng Ä‘á»ƒ táº¡o khÃ´ng gian lÆ°u trá»¯ rá»™ng rÃ£i,",5
273,"Ká»¹ thuáº­t cháº¿ tÃ¡c cháº¥t lÆ°á»£ng cao, LÃ½ tÆ°á»Ÿng Ä‘á»ƒ sáº¯p xáº¿p vÃ  trÆ°ng bÃ y cÃ¡c váº­t pháº©m,",5
274,"SiÃªu hÃ i lÃ²ng, giÃ¡ á»•n vÃ  cháº¥t lÆ°á»£ng cÅ©ng á»•n luÃ´n, cá»©ng cÃ¡p hÆ¡n mÃ¬nh nghÄ© vÃ  mÃ u Ä‘áº¹p",5
275,"Sáº£n pháº©m tá»‘t, Ä‘áº¹p, cháº¯c cháº¯n, giao hÃ ng khÃ´ng bá»‹ hÆ° há»ng gÃ¬ cáº£, á»‘c vÃ­t Ä‘áº§y Ä‘á»§.",5
276,"Mua há»™p bá» Ä‘á»“ Ä‘áº¡c vÃ o ráº¥t gá»n gÃ ng, tiá»‡n lá»£i. sáº½ á»§ng há»™ shop tiáº¿p tá»¥c. cáº£m Æ¡n.",5
277,"ÄÃ¡ng tiá»n:sáº£n pháº©m cÃ³ Ä‘á»™ chÃ­nh xÃ¡c cao, dá»… láº¯p Ä‘áº·t vÃ  phá»‘i ghÃ©p nhiá»u ká»‡ vá»›i nhau",5
278,Cháº¥t lÆ°á»£ng má»©c táº¡m cháº¥p nháº­n Ä‘Æ°á»£c. Cá»‘ gáº¯ng hoÃ n thiá»‡n tá»‘t hÆ¡n. CÃ²n nhiá»u mÃ¹n cÆ°a,4
279,ÄÃ¡ng tiá»n:CÃ³,5
280,ÄÃ¡ng tiá»n:má»—i Ã´ giÃ¡ 30k,5
281,"Thiáº¿t káº¿ tá»• ong Ä‘á»™c Ä‘Ã¡o vÃ  tiá»‡n dá»¥ng, LÃ½ tÆ°á»Ÿng Ä‘á»ƒ sáº¯p xáº¿p vÃ  trÆ°ng bÃ y cÃ¡c váº­t pháº©m,",5
282,"Dá»… dÃ ng láº¯p rÃ¡p vÃ  thÃ¡o gá»¡, Dá»… dÃ ng láº¯p rÃ¡p vÃ  thÃ¡o gá»¡, Dá»… dÃ ng láº¯p rÃ¡p vÃ  thÃ¡o gá»¡,",5
283,tá»‘t toooooooootttttttttttttttttttttttttttttttyyyyyyyyyyyyyyyyyyyyyyyyyyyyyyyyyy,5
284,"CÃ³ nhiá»u kÃ­ch thÆ°á»›c khÃ¡c nhau phÃ¹ há»£p vá»›i nhu cáº§u sá»­ dá»¥ng, Dá»… dÃ ng láº¯p rÃ¡p vÃ  thÃ¡o gá»¡,",5
285,"Perfect for organizing and displaying items, Sturdy and durable wooden material,",5
286,"Cháº¥t liá»‡u gá»— cháº¯c cháº¯n vÃ  bá»n bá»‰, Nhiá»u táº§ng Ä‘á»ƒ táº¡o khÃ´ng gian lÆ°u trá»¯ rá»™ng rÃ£i,",5
287,I'm using it well. It's stronger than I thought. I also like the size.,5
288,I'm using it well. It's stronger than I thought. I also like the size.,5
289,"HÃ ng Ä‘áº¹p, dáº§y dáº·n, cháº¯c cháº¯n, giao Ä‘Ãºng máº«u Ä‘áº·t mua, khÃ¡ nhanh",5
290,ÄÃ¡ng tiá»n:á»•n,5
291,"Ká»‡ 4 táº§ng gá»— dá»… rÃ¡p, ship HN vÃ o mÃ  cÃ²n nguyÃªn váº¹n, Ä‘áº¹p láº¯m nha shop Æ¡i",5
292,"HÆ¡i bá»‹ tráº§y nhÃ© ! Vá»›i giÃ¡ nÃ y váº«n táº¡m á»•n, Ä‘á» nghá»‹ Ä‘Ã³ng gÃ³i cáº©n tháº­n hÆ¡n",5
293,ÄÃ¡ng tiá»n:ká»‡ hÆ¡i rung nhÆ°ng dÃ¹ng tá»‘t,5
294,"mix vá»›i ká»‡ mÃ u tráº¯ng xinh nha, tÆ°á»Ÿng nhá»‰ nhÆ°ng Ä‘á»±ng Ä‘Æ°á»£c khÃ¡ nhiá»u Ä‘á»“",5
295,"Ä‘Ã£ nháº­n hÃ ng, giao nhanh, máº«u nhÃ¬n Ä‘áº¹p, gá»n, tks laz vÃ  team giao hÃ ng",5
296,ÄÃ¡ng tiá»n:ráº»,5
297,ChÆ°a rÃ¡p nhÆ°ng nháº­n hÃ ng shop Ä‘Ã³ng gÃ³i cáº©n tháº­n. Äá»ƒ mai rÃ¡p lÃªn xem sao,5
298,ÄÃ¡ng tiá»n:giÃ¡ ráº»,4
299,Ká»‡ láº¯p ghep dá»… dÃ ng shop Ä‘Ã³ng gÃ³i cáº©n tháº­n Ä‘á»ƒ dÃ¹ng thá»i gian má»›i bieáº¿t Ä‘á»™ bá»n,5
300,ÄÃ¡ng tiá»n:há»£p lÃ½,5
301,"HÃ ng Ä‘Ã³ng gÃ³i ká»¹, giao hÃ ng nhanh... sáº½ á»§ng há»™ shop láº§n sau.... hÃ¬nh.. láº¥y xu",5
302,ÄÃ¡ng tiá»n:quÃ¡ Ä‘Ã¡ng tiá»n lun,5
303,ÄÃ¡ng tiá»n:CÃ³,5
304,"HÃ ng Ä‘Ã³ng gÃ³i ká»¹, giao hÃ ng nhanh... sáº½ á»§ng há»™ shop láº§n sau.... hÃ¬nh.. láº¥y xu",5
305,"LÃ½ tÆ°á»Ÿng Ä‘á»ƒ sáº¯p xáº¿p vÃ  trÆ°ng bÃ y cÃ¡c váº­t pháº©m, Dá»… dÃ ng láº¯p rÃ¡p vÃ  thÃ¡o gá»¡,",5
306,"Tá»§ Ä‘Æ°á»£c Ä‘Ã³ng gÃ³i cáº©n tháº­n, láº¯p rÃ¡p dá»…, cháº¯c cháº¯n. sáº½ á»§ng há»™ shop tiáº¿p tá»¥c.",5
307,ÄÃ¡ng tiá»n:cÅ©ng ok,5
308,"Dá»… dÃ ng láº¯p rÃ¡p vÃ  thÃ¡o gá»¡, LÃ½ tÆ°á»Ÿng Ä‘á»ƒ sáº¯p xáº¿p vÃ  trÆ°ng bÃ y cÃ¡c váº­t pháº©m,",5
309,Äá»™ bá»n:hdhdndxn,5
310,"Versatile and convenient wooden shelf, Easy to assemble and disassemble,",5
311,"Nhiá»u táº§ng Ä‘á»ƒ táº¡o khÃ´ng gian lÆ°u trá»¯ rá»™ng rÃ£i, Dá»… dÃ ng láº¯p rÃ¡p vÃ  thÃ¡o gá»¡,",5
312,"0cháº¥t lÆ°Æ¡ng sáº£n pháº©m tuyá»‡t vá»i, tÃ´i sáº½ á»§ng há»™ thÃªm nhiá»u láº§n sau ná»¯a",5
313,"Ká»‡ nhÆ° quáº£ng cÃ¡o, bao bÃ¬ cáº©n tháº­n, dá»… rÃ¡p vÃ  trÃ´ng cháº¯c cháº¯n. Táº·ng shop 5*.",5
314,Ká»‡ láº¯p ghep dá»… dÃ ng shop Ä‘Ã³ng gÃ³i cáº©n tháº­n Ä‘á»ƒ dÃ¹ng thá»i gian má»›i bieáº¿t Ä‘á»™ bá»n,5
315,"hÃ ng Ä‘Ã³ng gÃ³i ká»¹, fgiao hÃ ng nhanh .. sáº½ á»§ng há»™ ... hÃ¬nh nháº­n xu....",5
316,All good,5
317,HÃ ng lÆ°c nháº­n bá»‹ lá»—i nhÆ°ng Shop Ä‘Ã£ há»— trá»£ mÃ¬nh táº­n tÃ¬nh.,5
318,HÃ ng lusc nháº­n bá»‹ thá»§ng trÃ³c gá»— nhuÆ°ng Shop Ä‘Ã£ há»— trá»£ mÃ¬nh táº­n tÃ¬nh.,5
319,giao hÃ ng nhanh. Ä‘Ã³ng gÃ³i cáº©n tháº­n. dá»… láº¯p ghÃ©p Ä‘Ã£ mua hÃ ng 2 láº§n rá»“i,5
320,tá»‘t ... ........................ . .....................,5
321,"ÄÃ¡ng tiá»n:khÃ´ng quÃ¡ Ä‘áº·c sáº¯c, phÃ¹ há»£p tÃºi tiá»n, láº¯p Ä‘áº·t Ä‘Æ¡n giáº£n",4
322,"cháº¥t lÆ°Æ¡ng sáº£n pháº©m tuyá»‡t vá»i, tÃ´i sáº½ á»§ng há»™ thÃªm nhiá»u láº§n sau ná»¯a",5
323,"Vá»«a váº·n, Ä‘Ãºng kÃ­ch thÆ°á»›c má»ng Ä‘á»£i.... giao hÃ ng nhanh Ä‘áº£m báº£o",5
324,ğŸ‘ğŸ» ğŸ‘ğŸ»hÃ ng ok ğŸ‘ğŸ»ğŸ‘ğŸ»ğŸ‘ğŸ»ğŸ‘ğŸ»ğŸ‘ğŸ»ğŸ‘ğŸ»ğŸ‘ğŸ»ğŸ‘ğŸ»ğŸ‘ğŸ»ğŸ‘ğŸ»ğŸ‘ğŸ»,5
325,Ká»‡ Ä‘áº¹p. cháº¯c cháº¯n. Láº¯p rÃ¡p thÃ¬ táº§m 3p. KhÃ´ng cÃ³ gÃ¬ Ä‘á»ƒ chÃª nha shop.,5
326,"hÃ ng Ä‘Ã³ng gÃ³i ká»¹, giao hÃ ng nhanh... sáº½ á»§ng há»™ shop láº§n sau....",5
327,"Giao hÃ ng nhanh, Ä‘Ã³ng gÃ³i hÃ ng cáº©n tháº­n, ká»‡ cháº¯c cháº¯n, máº«u mÃ£ Ä‘áº¹p",5
328,"ÄÃ¡ng tiá»n:giÃ¡ nÃ y thÃ¬ táº¡m Ä‘c , ká»‡ kg thÄƒng báº±ng hÆ¡i chÃªnh",5
329,HÆ¡i nhá» so vá»›i tÆ°á»Ÿng tÆ°á»£ng nhÆ°ng vá»›i giÃ¡ tiá»n Ä‘Ã³ thÃ¬ cÅ©ng há»p lÃ­,5
330,"Ká»‡ gá»— ok nhÃ© má»i ngÆ°á»i, chÆ°a láº¯p tháº» nhÆ°ng hÃ ng cháº¯c cháº¯n nhÃ© :)))",5
331,Vá»«a váº·n vá»›i khung ká»‡ gá»— váº£i cáº§m cháº¯c tay hÃ i lÃ²ng vá»›i sáº£n pháº©m ...,5
332,"hÃ ng Ä‘Ã³ng gÃ³i ká»¹, giao hÃ ng nhanh... sáº½ á»§ng há»™ shop láº§n sau....",5
333,Sáº£n pháº©m nhÆ° hÃ¬nh. Cháº¥t lÆ°á»£ng á»•n vá»›i táº§m giÃ¡. Fit vá»›i ká»‡ mua kÃ¨m,5
334,"hÃ ng Ä‘áº¹p, dá»… dÃ ng láº¯p rÃ¡p, xá»‹nnnnnnnnnnn, 10 Ä‘iá»ƒmmmmmmmmmmmm",5
335,"Dá»… dÃ ng láº¯p rÃ¡p vÃ  thÃ¡o gá»¡, Thiáº¿t káº¿ tá»• ong Ä‘á»™c Ä‘Ã¡o vÃ  tiá»‡n dá»¥ng,",5
336,Vá»›i táº§m giÃ¡ nÃ y thÃ¬ cÅ©ng ok ğŸ‘Œ ( áº£nh mang tÃ­nh cháº¥t nháº­n xu ),5
337,ÄÃ¡ng tiá»n:ok,5
338,HÃ ng Ä‘áº¹p ğŸ‘ğŸ»ğŸ‘ğŸ»ğŸ‘ğŸ»ğŸ‘ğŸ»ğŸ‘ğŸ»ğŸ‘ğŸ»ğŸ‘ğŸ»ğŸ‘ğŸ»ğŸ‘ğŸ»ğŸ‘ğŸ»ğŸ‘ğŸ»ğŸ‘ğŸ»ğŸ‘ğŸ»,5
339,"hÃ ng Ä‘Ã­ng gÃ³i ká»¹, giao hnagf nhanh.... hÃ¬nh nháº­n xu........",5
340,"Ká»¹ thuáº­t cháº¿ tÃ¡c cháº¥t lÆ°á»£ng cao, Kiá»ƒu dÃ¡ng hiá»‡n Ä‘áº¡i vÃ  tinh táº¿,",5
341,"Láº¯p rÃ¡p dá»…, cháº¥t lÆ°á»£ng phÃ¹ há»£p vá»›i giÃ¡ tiá»n. KhÃ´ng Ä‘Ã²i há»i nhiá»u",4
342,"Sáº£n pháº©m tá»‘t, Ä‘áº¹p, váº­n chuyá»ƒn khÃ´ng bá»‹ hÆ° há»ng gÃ¬ cáº£, Ä‘áº§y Ä‘á»§ á»‘c vÃ­t.",5
343,"Ká»‡ gá»— Ä‘a nÄƒng tiá»‡n dá»¥ng, Kiá»ƒu dÃ¡ng hiá»‡n Ä‘áº¡i vÃ  tinh táº¿, dá»… láº¯p Ä‘áº·t",5
344,giÃ¡ sÃ¡ch Ä‘áº¹p dá»… láº¯p rÃ¡p láº¯m tuy nhiÃªn Ã´ hÆ¡i nhá» k Ä‘á»ƒ vá»«a khá»• A4 Ä‘Ã¢u,5
345,gá»‘c cáº¡nh chÆ°a Ä‘Æ°á»£c ngon láº¯m cÅ©ng táº¡m á»•n Ä‘á»ƒ Ä‘á»±ng thÃªm sáº¯ch cho bÃ©,5
346,hÃ ng Ä‘Ã³ng gÃ³i ká»¹ giao hnag nhanh..... sáº½cungr há»™ tiáº¿p láº§n sau...,5
347,"ká»‡ gá»— Ä‘áº¹p, dá»… gáº¯n, táº¥m gá»— khÃ´ng bá»‹ lá»—i, cháº¯c cháº¯n khi láº¯ rÃ¡p, á»§ng há»™ shop",5
348,XXLTPYZTXXLTPYZTXXLTPYZTXXLTPYZTXXLTPYZTXXLTPYZTXXLTPYZTXXLTPYZT,5
349,"Ká»‡ Ä‘áº¹p, láº¯p cÅ©ng dá»… ná»¯a, Ä‘á»ƒ 1 chá»— cháº¯c cÅ©ng bá»n ..................",5
350,"Cháº¥t liá»‡u gá»— cháº¯c cháº¯n vÃ  bá»n bá»‰, Kiá»ƒu dÃ¡ng hiá»‡n Ä‘áº¡i vÃ  tinh táº¿,",5
351,"ÄÃ¡ng tiá»n:Ä‘Ã³ng gÃ³i cáº©n tháº­n, vÃ¡n cáº¯t gá»n gÃ ng, cÃ³ lá»— sáºµn Ä‘á»ƒ báº¯t vÃ­t, gá»­i hÃ ng ráº¥t nhanh. Ráº¥t Æ°ng Ã½, tiáº¿p tá»¥c á»§ng há»™ shop",5
352,"Cháº¥t lÆ°á»£ng gá»— tá»‘t, Ä‘á»™ hoÃ n thiá»‡n cao, tiá»‡n dá»¥ng",5
353,"Ká»‡ cháº¯c cháº¯n. Dá»… láº¯p, mua 2 ká»‡ nÃªn pháº£i Ä‘Ã¡nh giÃ¡ 2 láº§n",5
354,Ká»‡ cháº¯c cháº¯n nhÆ°ng cÃ³ vÃ i lá»— á»‘c hÆ¡i lá»‡ch so vá»›i á»‘c.,5
355,Ká»‡ Ä‘áº¹p má»—i tá»™i bá»‹ mÃ³p xÃ­u,5
356,"Mua hai cÃ¡i mÃ  mÃ¬nh gáº¯n sao má»™t cÃ¡i hÆ¡i lung lay nháº¹ nhÆ°ng hong sao bÃ¹ láº¡i ká»‡ kia cháº¯c láº¯m miáº¿ng gá»— dÃ y náº·ng, giao hÃ ng nhanh, Ä‘Ã³ng gÃ³i kÄ© shop cÃ²n thÃªm tá» giáº¥y ghi chÃº cho máº¥y anh shipper cute xÄ©u. NÃ³i chung lÃ  100 Ä‘iá»ƒm",5
357,hÆ¡i lá»ng láº»o nhÆ°ng cÅ©ng táº¡m Ä‘Æ°á»£c hhjjjjjjjhhhhjjjjjjjjjjjh,5
358,"Giao hÃ ng nhanh, dá»… láº¯p Ä‘áº·t, lá»— báº¯t á»‘c chÆ°a chuáº©n",5
359,Cucuucucicicucucufucucuxucucucucucucucucucucucucucuc,5
360,Äáº¹p nhÆ° hÃ¬nh nhÆ°ng k Ä‘á»ƒ Ä‘á»“ náº·ng Ä‘Æ°á»£c nhiá»u vÃ¬ yáº¿u nhÃ©,5
361,Cycucucj kvivicucuxyxuxucucucucucucuvuvicicicicicucucu,5
362,Äá»™ bá»n:chÆ°a biáº¿t,5
363,"Ká»‡ Ä‘áº¹p, cháº¯c cháº¯n, náº·ng tay láº¯m. Cho ahop 5 sao sáº½ quay láº¡i á»§ng há»™ tiáº¿p",5
364,"Thiáº¿t káº¿ tá»• ong Ä‘á»™c Ä‘Ã¡o vÃ  tiá»‡n dá»¥ng,",5
365,táº¡m Ä‘Æ°á»£c thÃ´i. láº¯p vÃ o cÃ¡c gÃ³c chÆ°a chuáº©n.,5
366,"ÄÃ³ng gÃ³i hÆ¡i sÆ¡ xÃ i , hÃ ng bá»‹ dÆ¡, váº«n cho 5 sao",5
367,táº¡m Ä‘Æ°Æ¡c thÃ´i. ghÃ©p vÃ o chÆ°a chuáº©n láº¯m.,5
368,"Giao hÃ ng nhanh, Ä‘á»™ hoÃ n thiá»‡n chÆ°a chuáº©n",5
369,"Nhiá»u táº§ng Ä‘á»ƒ táº¡o khÃ´ng gian lÆ°u trá»¯ rá»™ng rÃ£i,",5
370,Máº«u mÃ£:okkkkkkkkkkkkkkkkkkkkkkkkkkkmm,5
371,"Tá»§ xá»‹n, Ä‘áº¹p vÃ  dÃ y dáº·n. NÃªn mua nha má»i ngÆ°á»i",5
372,ok for this price,5
373,Bá»‹ ná»©t háº¿t 1 ká»‡ 2 táº§ng rá»“i :(,5
374,Very nice and easy to install,5
375,"Cháº¥t liá»‡u gá»— cháº¯c cháº¯n vÃ  bá»n bá»‰,",5
376,"Äáº¹p láº¯m, mua rá»“i mua thÃªm 2 cÃ¡i ná»¯a",5
377,"OkDá»… dÃ ng láº¯p rÃ¡p vÃ  thÃ¡o gá»¡,",5
378,ÄÃ¡ng tiá»n:giÃ¡ ráº» nÃªn mua nha mn,5
379,Äá»™ bá»n:chÆ°a biÃ©t,5
380,ok...,5
381,"CÃ³ nhiá»u kÃ­ch cá»¡ khÃ¡c nhau Ä‘á»ƒ Ä‘Ã¡p á»©ng nhu cáº§u khÃ¡c nhau, HÃ i lÃ²ng vá»›i sáº£n pháº©m láº¯p Ä‘áº·t thuáº­n lá»£i.",5
382,chÆ°a chá»‘t Ä‘Ã£ giao vÃ  k cÃ³ á»‘c vÃ­t Ä‘á»ƒ báº¯t,5
383,Sáº£n pháº©m bá»‹ ná»©t gÃ£y,4
384,hÃ ng tá»‘t. vÃ¡n hÆ¡i má»ng manh,5
385,Máº«u mÃ£:Ä‘Ãºng nhÆ° hÃ¬nh,5
386,PhÃ¹ há»£p vá»›i giÃ¡ tiá»n,5
387,ÄÃ¡ng tiá»n:good,5
388,"Unique and practical honeycomb design,",5
389,great closet,5
390,"Shop giao Ä‘á»§ hÃ ng, hÃ ng Ä‘áº¹p vÃ  cháº¥t lÆ°á»£ng. Sáº½ á»§ng há»™ thÃªm trong thá»i gian tá»›i",5
391,"sáº£n pháº©n nguyÃªn váº¹n, giao hÃ ng ok, Ä‘Ã³ng gÃ³i ok, cháº¥t lÆ°á»£ng okk",5
392,Ä‘á»§ Ä‘Ãºng sáº£n pháº©m chÆ°a sá»­ dá»¥ng nÃªn chÆ°a biáº¿t cÃ³ bá»n khÃ´ng giÃ¡ thÃ¬ cÅ©ng há»£p LÃ½ Ä‘á»ƒ láº¯p rÃ¡p sáº½ á»§ng há»™ shop nhá»¯ng láº§n sao.,5
393,Æ¯ng. Ráº¥t lÃ  Æ°ng. GiÃ¡ ráº» nhÆ°ng cháº¥t lÆ°á»£ng khÃ¡ á»•n.,5
394,HÃ ng Ä‘áº¹p nhÆ° hÃ¬nh,5
395,"MÃ u ngáº«u nhiÃªn mÃ¬nh Ä‘c 1 ká»‡ mÃ u gá»— sÃ¡ng 1 ká»‡ mÃ u gá»— háº¡t dáº», tháº¥y cÃ¡i nÃ o cÅ©ng Ä‘áº¹p. ThÃ­ch ghÃª! Xáº¿p, trÆ°ng bÃ y lÃªn tháº¥y Ä‘áº¹p gá»n háº³n luÃ´n mn áº¡ ;)))) CÃ³ Ä‘iá»u cÃ¡i mÃ u sÃ¡ng dá»… rÃ¡p, cÃ²n mÃ u kia lá»• á»‘c ko Ä‘á»u Ã¡ shop Æ¡i, nÃªn mÃ¬nh siáº¿t á»‘c vÃ´ cÃ³ chá»— hÆ¡i tÃ©t nháº¹ :v hÃº há»“n. CÃ²n láº¡i shop Ä‘Ã³ng gÃ³i chu Ä‘Ã¡o, Ä‘áº§y Ä‘á»§ & cáº©n tháº­n ğŸ‘ğŸ‘",5
396,ká»‡ tá»‘t cá»©ng cÃ¡p ráº» Ä‘Ã³ng gÃ³i cáº©n tháº­n láº¯p rÃ¡p 15p lÃ  xong sáº½ mua nhiá»u cÃ¡i Ä‘á»ƒ sÃ¡ch vÃ¬ tá»‘t 1ğŸ˜˜ğŸ˜˜ğŸ˜˜ğŸ˜˜ğŸ˜—,5
397,"Ká»‡ ráº¥t Ä‘áº¹p, cháº¯c cháº¯n, náº·ng tay chá»© khÃ´ng pháº£i loáº¡i á»p áº¹p Ä‘Ã¢u má»i ngÆ°á»i áº¡. NÃªn mua nhÃ©!",5
398,"ÄÃ¡ng tiá»n:ká»‡ á»•n nha , Ä‘áº¹p cÆ¡ mÃ  hÆ¡i bá»‹ máº» á»Ÿ cáº¡nh nhÆ°ng tá»•ng quan thÃ¬ váº«n Ä‘Ã¡ng tiá»n",5
399,Sp nhÆ° q/c nÃªn mua,5
400,Ká»‡ cháº¯c cháº¯n,5
401,ok láº¯m. ndnndndjjsjsnsbdhdhsjsndndjjdjjdjdjdndjdndnsnsh,5
402,"Ká»‡ sÃ¡ch cháº¯c cháº¯c cháº¯n, láº¯p dá»… dÃ ng. ÄÃ³ng gÃ³i cáº©n tháº­n vÃ  a h shipper thÃ¢n thiá»‡n áº¡.",5
403,"Ráº¥t ok so vá»›i giÃ¡ tiá»n, dá»… láº¯p rÃ¡p, dá»… mua , Ä‘á»™ bá»n chÆ°a biáº¿t shipper nhiá»‡t tÃ¬nh , cÃ³ vÃ i chá»— máº£nh gá»— nhÆ° hÃ¬nh",5
404,dá»… láº¯p gáº¯p Ä‘áº¹p,5
405,ká»‡ cá»©ng cÃ¡p cháº¯c cÄƒhns hÃ¬nh áº£nh chá»‰ mang tchat nháº­n xuiuuuuuu,5
406,"giÃ¡ ráº», dÃ¹ng tá»‘t, nÃªn mua nha",5
407,"Ká»‡ sÃ¡ch xinh láº¯m, mÃ u gá»— Ä‘áº¹p, mua cÃ³ 100k mÃ  quÃ¡ lÃ  Æ°ng Ã½ luÃ´n áº¥y áº¡",5
408,hÃ ng khÃ¡ Ä‘áº¹p. ship nhanh,5
409,Perfectly fit side of the our door,5
410,"hÃ i lÃ²ng vá»›i giÃ¡ tiá»n vÃ  sáº£n pháº©m. ráº¥t áº¥n tÆ°á»£ng vá»›i lá»i nháº¯n cá»§a shop. gÃ³p Ã½ chÃºt xÃ­u lÃ  shop nÃªn lau bá»›t mÃ¹n cÆ°a, bá»¥i gá»— trc khi Ä‘Ã³ng gÃ³i. 5 sao!",5
411,giao Ä‘Ãºng. Ä‘Ã³ng gÃ³i cáº©n tháº­n. cháº¯c cháº¯n,5
412,ká»‡ giao nhanh. hÆ¡i dÆ¡ nhÆ°ng lau ok. giÃ¡ chÆ°a ráº» nháº¥t nhÆ°ng dÃ¹ng táº¡m,5
413,"cÃ¡c lá»— Ä‘Æ°á»£c Ä‘á»¥c sáºµn nÃªn khÃ¡ dá»… váº·n á»‘c vÃ o, lá»— hÆ¡i lá»‡ch nhÆ°ng váº·n cháº·t thÃ¬ ká»‡ cÅ©ng khÃ¡ lÃ  cháº¯c cháº¯c cháº¯n",5
414,Ä‘áº¹p vÃ  dá»… láº¯p Ä‘áº·t,5
415,"Nhá» gá»n, quÃªn Ä‘áº·t mÃ u tráº¯ng sáº½ Ä‘áº¹p hÆ¡n",5
416,Nghe lá»i nhá» báº¡n nuÃ´i mÃ¨o Ä‘á»ƒ ngá»§ cÃ³ Ä‘á»©a náº±m cáº¡nh cho Ä‘á»¡ cÃ´ Ä‘Æ¡n nhÆ°ng mÃ  nÃ³ láº¡ láº¯m ğŸ˜€Nghe lá»i nhá» báº¡n nuÃ´i mÃ¨o Ä‘á»ƒ ngá»§ cÃ³ Ä‘á»©a náº±m cáº¡nh cho Ä‘á»¡ cÃ´ Ä‘Æ¡n nhÆ°ng mÃ  nÃ³ láº¡ láº¯m ğŸ˜€,5
417,oke oke c xem I will be there in a few minutes if you want to come over and help,5
418,"Há»™p hÆ¡i nhá» so vá»›i ká»³ vá»ng, nhÆ°ng cao nha mn, cÃ²n cÃ³ náº¯p rá»i Ä‘á»ƒ Ä‘áº­y lÃªn ná»¯a",5
419,ráº¥t Ä‘áº¹p cháº¯c cháº¯n,5
420,very good ğŸ‘ ğŸ‘ ğŸ‘Œ ğŸ˜€ â˜ºï¸ ğŸ™Œ ğŸ‘ ğŸ‘ ğŸ‘Œ ğŸ˜€ â˜ºï¸ ğŸ™Œ ğŸ‘ ğŸ‘ ğŸ‘Œ ğŸ˜€ â˜ºï¸ ğŸ™Œ ğŸ‘ ğŸ‘ ğŸ‘Œ,5
421,"poor quality! Full of scratches and scolds! would not recommend! the size is also weird, very small - won't fit the A4 format",5
422,"Giao hÃ ng nhanh , Ä‘Ã³ng gÃ³i tá»‘t , láº¯p Ä‘áº·t cÅ©ng dá»… . NhÃ¬n chung khÃ¡ cháº¯c cháº¯n vÃ  phÃ¹ há»£p vá»›i tÃºi tiá»n",5
423,"váº­n chuyá»ƒn ok, láº¯p rÃ¡p hÆ¡i cá»±c, ká»‡ khÃ´ng cháº¯c cháº¯n cho láº¯m. xÃ i tháº¥y ok",5
424,Ká»‡ cháº¯c cháº¯n láº¯p rÃ¡p nhanh tuy gá»— ko chá»‘ng xÆ°á»›c! Nch ok vá»›i giÃ¡ tiá»n,5
425,"CÃ¡i ká»‡ nÃ³ xá»©c xáº¯c gÃ¬ Ä‘Ã¢u, gá»— tráº¯ng Ä‘áº¹p cÃ³ sáºµn lá»— Ä‘á»ƒ gáº¯n á»‘c. RÃ¡p siÃªu dá»… siÃªu nhanh. Ká»‡ cá»©ng cÃ¡p mÃ¬nh nghÄ© lÃ  bá»n Ã¡. Äáº·c biá»‡t khi giao cÃ³ ghi Ä‘Ã³ng gÃ³i kÄ© hÃ ng dá»… vá»¡ Ä‘á»ƒ trÃ¡nh va Ä‘áº­p bong trÃ³c. Shipper giao nhanh",5
426,"Ä‘Ã³ng gÃ³i khÃ¡ cháº¯c cháº¯n, giao hÃ ng nhanh.MÃ¬nh vá»«a dá»n nhÃ  má»›i nÃªn chÆ°a cÃ³ time láº¯p Ä‘áº·t thá»­, chÆ°a thá»ƒ nháº­n xÃ©t sp ntn",5
427,Ráº¥t oke vÃ  hÃ i lÃ²ng vs cháº¥t lÆ°á»£ng sp. NhÃ  cÃ³ tua vÃ­t tá»± láº¯p dá»… láº¯m,5
428,"ÄÃ¡ng tiá»n:hÃ ng cháº¥t lÆ°á»£ng, giÃ¡ ráº» cháº¥t lÆ°á»£ng cao, hÆ¡i á»p áº¹p nhma hong sao",5
429,"ká»‡ Ä‘áº¹p, cháº¯c cháº¯n dá»… láº¯p rÃ¡p. shiper ráº¥t nhiá»‡t tÃ¬nh thÃ¢n thiá»‡n",5
430,"tá»§ Ä‘áº¹p, shop cÃ³ trÃ¡ch nhiá»‡m, lÃ m viá»‡c tá»­ táº¿. phÃ¹ há»£p vá»›i giÃ¡ tiá»n",5
431,"Dá»… dÃ ng láº¯p rÃ¡p vÃ  thÃ¡o rá»i, HoÃ n háº£o Ä‘á»ƒ sáº¯p xáº¿p vÃ  trÆ°ng bÃ y cÃ¡c máº·t hÃ ng, Tá»‘t ok",5
432,giao hÃ ng nhanh Ä‘Ã³ng gÃ³i cáº©n tháº­n ká»‡ tÆ°Æ¡ng Ä‘á»‘i cháº¯c cháº¯n ..............................,5
433,ok,5
434,Ká»‡ 3 táº§ng thÃ¬ OK,5
435,ÄÃ¡ng tiá»nï¼š,5
436,"khÃ´ng tá»‡, dá»… láº¯p rÃ¡p tuy nhiÃªn cÃ¡c lá»— khoan sáºµn chÆ°a chÃ­nh xÃ¡c láº¯m, phÃ¹ há»£p lÃ m ká»‡ sÃ¡ch, ká»‡ ngÄƒn phÃ²ng ká»‡ Ä‘á»ƒ giÃ y ...",5
437,Itâ€™s almost perfect except thereâ€™s not enough screw to assemble for both cabinet. Normally there will be spare screw but instead this time itâ€™s 1 screw shortage for each cabinet.,4
438,"Sturdy and durable wooden material, High-quality craftsmanship, Multiple tiers for ample storage space, Unique and practical honeycomb design,",5
439,ÄÃ¡ng tiá»n:,5
440,Äáº¹p quÃ¡,5
441,Xuáº¥t sáº¯c,5
442,Máº«u mÃ£:ok,5
443,tá»‘t vÃ  Ä‘áº¹p,5
444,Máº«u mÃ£:ok,5
445,Xuáº¥t sáº¯c,5
446,ÄÃ¡ng tiá»n:Ä‘áº¹p,5
447,"Ká»‡ phÃ¹ há»£p vá»›i giÃ¡ tiá»n, dá»… láº¯p rÃ¡p, buá»™c pháº£i tá»± cÃ³ tuavit Ä‘á»ƒ váº·n. Ká»‡ Ä‘á»ƒ áº©n máº¥y con á»‘c vá»›i lÃ m ká»¹ pháº§n viá»n sáº½ á»•n Ã¡p hÆ¡n",5
448,"HÆ¡i bá»«a bá»™n vÃ  bá»‹ rÃ¡ch nhÆ°ng mÃ  ráº» thÃ¬ cÅ©ng ok, dá»… láº¯p rÃ¡p giao hÃ ng nhanh.",5
449,"ğŸ¨Thiáº¿t káº¿:Dá»… dÃ ng láº¯p rÃ¡p vÃ  thÃ¡o rá»i,",5
450,Giao hÃ ng nhanh Ká»‡ cháº¯c cháº¯n xinh láº¯m áº¡ ğŸ˜˜ğŸ˜˜ğŸ˜˜ğŸ˜˜ğŸ˜˜ğŸ˜˜ğŸ˜˜ğŸ˜˜ğŸ˜˜ğŸ˜˜,5
451,"Gá»n, tiá»‡n lá»£i, má»›i sá»­ dá»¥ng chÆ°a biáº¿t Ä‘á»™ bá»n trong bao lÃ¢u nhÆ°ng cho shop 5 sao. Hhhhhvvhgfvbjhffvbhghjjgfvbjgvvhjhgvbjj",5
452,"Shop Ä‘Ã³ng gÃ³i kÄ© cÃ ng, má»™t sá»‘ miáº¿ng vÃ¡n bá»‹ ná»©t dÃ¹ chÆ°a váº·n á»‘c vÃ o",5
453,"Shop Ä‘Ã³ng gÃ³i cáº©n tháº­n, 1 sá»‘ miáº¿ng vÃ¡n bá»‹ ná»©t nhÆ°ng váº«n trong pháº¡m vi cháº¥p nháº­n Ä‘c",5
454,ká»‡ Ä‘a nÄƒng Ä‘á»‰nh Ä‘á»‰nh. buh buh lmao. ká»‡ xinh cho nÄƒm sao nÃ¨ mhuemhuemhue:3,5
455,ÄÃ¡ng tiá»n:oke,5
456,GÃ¡p tá»§ dá»…. ThÃ nh quáº£ ráº¥t Ä‘áº¹p. Äá»±ng Ä‘Æ°á»£c sÃ¡ch vá»Ÿ. Cháº¥t lÆ°á»£ng tá»‘t!,5
457,ÄÃ¡ng tiá»n:Ráº¥t hÃ i lÃ²ng vÃ  thÃ­ch sáº£n pháº©m Ä‘Ã£ mua. Cáº£m Æ¡n shop ráº¥t nhiá»u !!!,5
458,"Gia hÃ ng khÃ¡ nhanh, láº¯p rÃ¡p dá»… dÃ ng, hÆ¡i lá»ng láº»o, cháº¥t lÆ°á»£ng phÃ¹ há»£p vá»›i giÃ¡ tiá»n",5
459,"con trai thÃ­ch láº¯m,tuy cÃ³ chÃºt bá»‹ bá»ƒ gÃ³c cháº¯c do váº­n chuyá»ƒn ,",5
460,Bá»‹ sá»©t máº¥t máº¥y chá»— ğŸ˜­,5
461,"Giao hÃ ng nhanh, Ä‘Ã³ng gÃ³i chÆ°a cáº©n tháº­n láº¯m, lÃºc khui hÃ ng cÃ³ nhiá»u váº¿t ná»©t thÃ¬ khÃ´ng biáº¿t lÃ  do bÃªn shop hay bÃªn váº­n chuyá»ƒn, hÃ ng y hÃ¬nh, hÆ¡i lá»ng láº»o nhÆ°ng tiá»n nÃ o cá»§a Ä‘Ã³",5
462,NhÆ° hÃ¬nh cháº¥t lÆ°á»£ng.khoonng cÃ³ gÃ¬ Ä‘á»ƒ chÃª .kkkkkkkkkkkkkkkk,5
463,Ká»‡ Ä‘áº¹p.cÃ³ táº¥m háº­u sáº½ cháº¯c cháº¯n vÃ  Ä‘áº¹p hÆ¡n.Ä‘Ã³ng gÃ³i cáº©n tháº­n.giao nhanh,5
464,hÃ i lÃ²ng vá»›i sáº£n pháº©m cá»§a shop. sáº½ Ä‘áº·t tiáº¿p tá»¥c máº¥y máº·t hÃ ng ná»¯a,5
465,cÅ©ng OK sá»‘ vá»›i giÃ¡ tiá»n trÃ´ng nhá» hÆ¡n mÃ¬nh tÆ°á»Ÿng nhÆ°ng cÅ©ng Ä‘Æ°á»£c rá»“i,5
466,hang ok. quÃ¡ Ä‘áº¹p. bÃªn ngoÃ i Ä‘áº¹p hÆ¡n nhÃ©,5
467,"Ká»‡ Ä‘áº¹p gá»n, giá»‘ng hÃ¬nh quáº£ng cÃ¡o, dá»… dÃ ng láº¯p rÃ¡p chá»‰ cáº§n cho máº¥y con á»‘c vÃ o vÃ  váº·n vÃ­t lÃ  xong",5
468,BÃªn váº­n chuyá»ƒn lÃ m cong luÃ´n cÃ¡i thanh gá»—,5
469,Sáº£n pháº©m Ä‘áº¹p giá»‘ng hÃ¬nhâ€¦â€¦nÃªn mua nha má»i ngÆ°á»iâ€¦giao hÃ ng nhanh,5
470,Sáº£n pháº©m Ä‘áº¹p. Giong miÃªu táº£â€¦â€¦vua tÃºi tiá»n nÃªn mua nha moi ngÆ°á»i,5
471,hÃ ng ok nha cho shop 5 sao,5
472,Ká»‡ nháº­n Ä‘Æ°á»£c cÅ©ng khÃ¡ Ä‘áº¹p vÃ  phÃ¹ há»£p vá»›i gÃ³c phÃ²ng cá»§a tui... sáº½ tiáº¿p tá»¥c á»§ng há»™ shop khi cÃ³ nhu cáº§u vÃ  cáº£ anh shipper giao hÃ ng thÃ¢n thiá»‡n dá»… thÆ°Æ¡ng,5
473,hÃ ng ká»‡ ok...Ä‘áº¹p....Ä‘á»±ng sÃ¡ch vá»Ÿ cho con thuyá»‡t vá»i,5
474,ÄÃ¡ng tiá»nï¼šká»‡ khÃ¡ ok...máº·c dÃ¹ váº­n chuyá»ƒn hÆ¡i bá»‹ mÃ³p mÃ©o gÃ³c Äá»™ bá»nï¼šsá»­ dá»¥ng thá»i gian mÃ­ biáº¿t bá»n hay k(kkkkkkkkkkkkkkkkkkkkkkkkkkkkkkkkkkkkkkkkkkkkjkkkkkkkkkkkkkkkkkkkkkkkkkk(jfhi giaij ffdfghhfhjdhgdhfhg Máº«u mÃ£ï¼š,5
475,"Cá»±c xinh mn áº¡ , má»—i tá»™i hÆ¡i lá»ng láº»o , giÃ¡ nÃ y thÃ¬ quÃ¡ lÃ  Æ°ng rá»“i , mua nha",5
476,"rÃ¡p dá»…, sáº½ á»§ng há»™ tiáº¿p",5
477,"hÃ ng Ä‘Ãºng nhÆ° miÃªu táº£,ráº¥t vá»«a Ã½,giao hÃ ng ráº¥t nhanh Ä‘Ã³ng gÃ³i cáº©n tháº­n",5
478,"Ä‘áº¹p, dá»… rÃ¡p, nÃªn mua nhÃ© mn. kkkkkkkkkkkkkkkkkkkkkkkkkkkkkk",5
479,"CÅ©ng táº¡m , nhÆ°ng cÃ¡c mÃ©p cháº¥t liá»‡u tháº¥y cÅ©ng bá»‹ bong máº» Ä‘á»ƒ nÆ°á»›c tháº¥m lÃ  xong",5
480,"nhá» hÆ¡n so vá»›i tÆ°á»Ÿng tÆ°á»£ng, nhÆ°ng Ä‘áº¹p, xinh.....................",5
481,,5
482,ká»‡ Ä‘áº¹p shop uy tÃ­n,5
483,"Bá»‹ vá»¡ nhiá»u, cháº¥t lÆ°á»£ng tháº¥p, khoan lá»‡ch nhiá»u, gá»— ráº» tiá»n. GiÃ¡ ráº» thÃ¬ k Ä‘Ã²i há»i cao hÆ¡n Ä‘c",5
484,"NÃ y thÃ¬ Ä‘Æ°á»£c, á»•n, Ä‘á»ƒ Ä‘á»“ tiá»‡n mÃ  Ä‘Æ°á»£c nhiá»u, khÃ´ng cÃ³ náº¯p, nÃªn cÃ³ thá»ƒ sáº½ bá»‹ bá»¥i",5
485,"Giao nhanh nhÆ°ng cháº¥t lÆ°á»£ng hÆ¡i kÃ©m. Tráº§y xÆ°á»›c, vÃ  nh mÃ¹n gá»—, trÃ´ng chÃ¡n",5
486,sáº£n pháº©m dÃ¹ng ráº¥t tuyá»‡t vá»i nha má»i ngÆ°á»i nÃ³i chung dÃ¹ng ráº¥t ok má»i ngÆ°á»i nÃªn mua nha,5
487,sáº£n pháº©m dÃ¹ng ráº¥t tuyá»‡t vá»i nha má»i ngÆ°á»i nÃ³i chung dÃ¹ng ráº¥t ok má»i ngÆ°á»i nÃªn mua nha,5
488,"hÃ ng ok, xÃ i Ä‘Æ°á»£c, mÃ  k cháº¯c cháº¯n lÄƒm",5
489,xuáº¥t sáº¯c nha moii ng,5
490,"Má»›i nháº­n Ä‘Æ°á»£c hÃ ng,táº·ng shop 5 sao vÃ¬ giao hÃ ng nhanh nÃ¨,cÃ²n cháº¥t lÆ°á»£ng Ä‘á»ƒ láº¯p rÃ¡p xong sáº½ Ä‘Ã¡nh giÃ¡",5
491,Giá»‘ng áº£nh nÃªn mua cÅ©ng khÃ¡ cháº¥t lÆ°á»£ng cá»©ng cÃ¡p mÃ  dá»… bá»‹ bung khi váº·n á»‘c,5
492,ráº¥t Ä‘áº¹p thÃ­ch láº¯m nha,5
493,"Ká»‡ Ä‘áº¹p láº¯m áº¡, dá»… láº¯p rÃ¡p vÃ  ko há» bá»‹ máº» cáº¡nh Ä‘Ã³ váº­n chuyá»ƒn Cáº£m Æ¡n shop nhiá»u ğŸ‘",5
494,De lap Dep,5
495,"Giao hÃ ng khÃ¡ nhanh , set Ä‘á»“ siÃªu xinh , Ä‘Ã³ng gÃ³i cáº©n tháº­n , sáº½ mua tiáº¿p",5
496,trvgn hg gáº»t yhd djy hrth gffd vhg fg gffd cght chiu fghu fdsh fd,5
497,"Gá»— má»ng, bá»‹ tráº§y gÃ³c, cÅ©ng khÃ´ng mong gÃ¬ nhiá»u hÆ¡n á»Ÿ má»©c tiá»n nÃ y",5
498,"ká»‡ cháº¯c cháº¯n, tá»‘t, giao hÃ ng nhanh dá»… thÆ°Æ¡ng. Ä‘á»ƒ dc nhiá»u Ä‘á»“..",5
499,"sáº£n pháº©m Ä‘áº¹p, cháº¯c cháº¯n, ko bá»‹ rung láº¯c. váº­n chuyá»ƒn bá»‹ gÃ£y máº¥t 1 cÃ¡i nhÆ°ng shop xá»­ lÃ½ há»£p lÃ½. ÄÃ¡ng cho 5 sao",5
500,"TELFAR BOX EM TRáº¢ ÄÆ N 1000c áº  FULLBOX NGUYÃŠN SEAL , BILL CODE TANG MÃC TÃšI Váº¢I HÃƒNG Láº¦N NÃ€Y EM Vá»€ Äá»¦ MÃ€U : ÄEN / TRáº®NG / Báº C / Há»’NG / ÄEN BÃ“NG si 145 10c 140 Sll 13x",5
501,aÌ‰nh thÃ¢Ì£t Ä‘Ã´Ì€ thÃ¢Ì£t. Ä‘eÌ£p reÌ‰ rÃ¢Ìt,5
502,"ğŸ’„ğ’ğğ ğŠğ„ğŒ ğŒğ€ğ‚ ğğğ–ğ„ğ‘ ğŠğˆğ’ğ’ ğ‹ğˆğğ”ğˆğƒ ğ‹ğˆğğ‚ğğ‹ğğ”ğ‘ Mac987 M.A.C smash - Äá» tÆ°Æ¡i ğŸŒ±Son Kem Mac thuá»™c dÃ²ng son kem lÃ¬ tháº¿ há»‡ má»›i, vá»›i cÃ´ng thá»©c má»m máº¡i thá»«a hÆ°á»Ÿng tá»« phiÃªn báº£n son thá»i. Táº¡o 1 lá»›p mÃ ng mÆ°á»›t mÆ°á»n mÆ°á»£t nhÆ° váº£i nhung. Son kem cho lá»›p mÃ u rÃµ liá»n tá»« láº§n nhÃºng cá» Ä‘áº§u tiÃªn, Ä‘á»ƒ láº¡i Ä‘á»™ áº©m trÃªn mÃ´i vá»›i cáº£m giÃ¡c nháº¹ tÃªnh vÃ  mÆ°á»£t mÃ  suá»‘t cáº£ ngÃ y.",5
503,"sáº£n pháº©m giá»‘ng hÃ¬nh, Ä‘Ã³ng gÃ³i ká»¹ giao hÃ ng nhanh cÃ¡m Æ¡n shop ....",5
504,"sáº£n pháº©m ok nhÃ©, láº¯p dá»… láº¯m%%%%%%%%%%%%&&&&&&&&&&&&&&&&&&&",5
505,"Ke Ä‘áº¹p láº¯m, chac chan ná»¯a. Lan sau lai ung ho shop nua áº¡ khccjhgcc",5
506,chÆ°a sá»­ dá»¥ng nÃªn chÆ°a biáº¿t,5
507,hÃ i lÃ²ng,5
508,hÃ i lÃ²ng,5
509,giao nhanh hÃ ng Ã´k gá»— cháº¯c Ä‘Ã³ng gÃ³i kÄ© cÃ ng ká»‡ láº¯p Ä‘Æ¡n giáº£n 10 Ä‘ l,5
510,GiÃ¡ 64k cho 1 cÃ¡i ká»‡ Ä‘á»±ng Ä‘á»“ linh tinh lÃ  ráº¥t á»•n Ã¡p áº¡.,5
511,"Very good solid white wood shelves. Clean, cheap",5
512,"áº¢nh minh hoáº¡ HÃ ng nháº­n Ä‘Ãºng máº«u mÃ£ Giao hÃ ng nhanh,Ä‘Ã³ng gÃ³i á»•n",5
513,OK ğŸ‘ğŸ‘ğŸ‘ğŸ‘ğŸ‘,5
514,PhÃ¹ há»£p kinh phÃ­ ...5sao,5
515,"ká»‡ Ä‘áº¹p , giá»‘ng hÃ¬nh giao hÃ ng nhanh Ä‘Ã³ng gÃ³i ká»¹ cÃ¡m Æ¡n shop nhiá»u.",5
516,Chá»§ shop há»— trá»£ nhiá»‡t tÃ¬nh ÄÃ³ng gÃ³i cáº©n tháº­n HÃ ng nháº­n giá»‘ng vá»›i mÃ´ táº£ nÃ¨ QuÃªn ko chá»¥p láº¡i nÃªn áº£nh chá»‰ Ä‘á»ƒ bá»›t trá»‘ng,5
517,ÄÃ¡ng tiá»n:Ráº» so,5
518,"Dá»… dÃ ng láº¯p rÃ¡p vÃ  thÃ¡o rá»i, HoÃ n háº£o Ä‘á»ƒ sáº¯p xáº¿p vÃ  trÆ°ng bÃ y cÃ¡c máº·t hÃ ng,",5
519,"CÃ³ nhiá»u kÃ­ch cá»¡ khÃ¡c nhau Ä‘á»ƒ Ä‘Ã¡p á»©ng nhu cáº§u khÃ¡c nhau,",5
520,CÅ©ng ráº¥t Ä‘áº¹p nha shop,5
521,ÄÃ¡ng tiá»n:ká»‡ ok. Äá»±ng sÃ¡ch thÃ¬ ká»‡ váº«n cháº¯c cháº¯n láº¯m. Ko tráº§y xÆ°á»›c gÃ¬. Decor Ä‘áº¹p,5
522,ok,5
523,ok,5
524,"ÄÃ£ láº¯p xong,ká»‡ Ä‘áº¹p cháº¯c cháº¯n,nÃªn mua nhe má»i ngÆ°á»i.",5
525,Ká»‡ Ä‘áº¹p so vá»›i giÃ¡,5
526,"Nhiá»u táº§ng cho khÃ´ng gian lÆ°u trá»¯ rá»™ng rÃ£i, Tay nghá» cháº¥t lÆ°á»£ng cao, HoÃ n háº£o Ä‘á»ƒ sáº¯p xáº¿p vÃ  trÆ°ng bÃ y cÃ¡c máº·t hÃ ng, HoÃ n háº£o Ä‘á»ƒ sáº¯p xáº¿p vÃ  trÆ°ng bÃ y cÃ¡c máº·t hÃ ng,",5
527,"Tay nghá» cháº¥t lÆ°á»£ng cao, Nhiá»u táº§ng cho khÃ´ng gian lÆ°u trá»¯ rá»™ng rÃ£i, Nhiá»u táº§ng cho khÃ´ng gian lÆ°u trá»¯ rá»™ng rÃ£i, Thiáº¿t káº¿ tá»• ong Ä‘á»™c Ä‘Ã¡o vÃ  tiá»‡n dá»¥ng, Ká»‡ gá»— Ä‘a nÄƒng tiá»‡n dá»¥ng, Tay nghá» cháº¥t lÆ°á»£ng cao,",5
528,Äáº¹p cháº¯n chÄƒnnnnnnnnn láº¯m nha khuyáº¿n khÃ­ch mua Ä‘á»ƒ chá»¥c quyá»ƒn sÃ¡ch váº«n Ä‘á»§,5
529,vÃ¡n gá»— ok nhá»¯ng nhá» xinh xinh,5
530,"táº¡m á»•n Ä‘Ã³ng gÃ³i ká»¹ cáº©n tháº­n, shiper dá»… thÆ°Æ¡ng . hÆ¡i yáº¿u Ä‘á»ƒ Ä‘á»“ náº·ng sá»£ gÃ£y zzxccvbnnmssfhjkklkkfswwtuiooi",5
531,hÃ¬nh áº£nh chá»‰ mang tÃ­nh cháº¥t nháº­n su cÃ²n sáº£n pháº©m nÃ y thÃ¬ ráº¥t lÃ  Ä‘áº¹p má»i ngÆ°á»i nÃªn mua,5
532,ká»‡ Ä‘áº¹p cá»©ng cÃ¡p láº¯m áº¡. áº£nh chá»‰ mang tÃ­nh cháº¥t nháº­n xu thui áº¡,5
533,Tá»‘t 5 sao nfjfjdjfjdjfjfjfjfjfjfjfjfjfjfjfjfjfjfjfjjfjf,5
534,"Ká»‡ Ä‘áº¹p, dá»… láº¯p ghÃ©, ráº¥t Ä‘Ã¡ng mua. CÃ³ thá»ƒ phá»‘i thÃ nh nhiá»u kiá»ƒu khÃ¡c nhau",5
535,Ä‘áº¹p áº¡,5
536,Ä‘áº¹p áº¡,5
537,"Dá»… dÃ ng láº¯p rÃ¡p vÃ  thÃ¡o rá»i, Cháº¥t liá»‡u gá»— cháº¯c cháº¯n vÃ  bá»n, Tay nghá» cháº¥t lÆ°á»£ng cao, Phong cÃ¡ch thanh lá»‹ch vÃ  hiá»‡n Ä‘áº¡i,",5
538,"Há»™p Ä‘áº¹p, mÃ u Ä‘áº¹p, cháº¥t lÆ°á»£ng tá»‘t shop Ä‘Ã³ng hÃ ng cáº©n tháº­n, giao hÃ ng nhanh.",5
539,"Ká»‡ cháº¥t lÆ°á»£ng ok, shop giao hÃ ng nhanh. MÃ  ká»‡ mÃ u hÆ¡i tÃ­m tÃ­m chá»© ko pháº£i mÃ u tráº¯ng.",5
540,"HÃ ng Ä‘áº¹p, láº¯p Ä‘áº·t dá»… dÃ ng",5
541,"giao hÃ ng nhanh, cháº¥t lÆ°á»£ng táº¡m dc, nhiá»u chá»— xÆ°á»›c, chiá»u sÃ¢u dÃ i hÆ¡n chÃºt thÃ¬ tá»‘t",5
542,"ráº¥t Ä‘áº¹p, trá»i Æ¡i tui lá»¡ láº¥y kÃ©o xáº¹t má»™t phÃ¡t giá» nÃ³ rÃ¡ch luÃ´n rá»“i",5
543,ğŸ¨Thiáº¿t káº¿:Ä‘áº¹p,5
544,"Ká»‡ khÃ¡ á»•n cÃ³ vÃ i váº¿t xÆ°á»›c, báº©n vÃ  ko cháº¯c cháº¯n láº¯m nhÆ°ng vá»›i giÃ¡ nÃ y thÃ¬ ok. Giao hÃ ng nhanh.",5
545,ok tá»‘t,5
546,Xáº¿p Ä‘á»“ gá»n láº¯m cÆ¡ mÃ  Ä‘á»ƒ Ä‘á»“ decor hay sÃ¡ch sáº½ há»£p lÃ½ hÆ¡n ğŸ˜ğŸ˜‡ğŸ˜‡,5
547,"hÃ ng ráº¥t tá»‘t nha, Ä‘Ã¢y lÃ  gá»— Ã©p nÃªn khi vita nÃ³ bá»‹ ná»©t xÃ­u",5
548,"ráº¥t hÃ i lÃ²ng vá»›i sáº£n pháº©m luÃ´n áº¡ , Ä‘Ã¡ng Ä‘á»“ng tiá»n . shop giao Ä‘Ãºng hÃ ng - uy tÃ­n",5
549,ká»‡ lÃªn hÃ¬nh Ä‘áº¹p pháº¿t,5
550,Ká»‡ Ä‘áº¹p nhÆ°ng nháº­n hÃ ng gÃ¡p xong Ä‘áº·t dÃ´ má»›i tháº¥y quÃ¡ nhá» so vá»›i phÃ²ng cá»§a mÃ¬nhğŸ˜…ğŸ˜…ğŸ˜…ğŸ˜…ğŸ˜…ğŸ˜…ğŸ˜…ğŸ˜‚ğŸ˜‚ğŸ˜‚ğŸ˜‚ğŸ˜‚ğŸ˜‚ğŸ˜‚ğŸ˜‚ğŸ˜‚ğŸ˜‚ğŸ˜‚ğŸ˜‚ğŸ˜‚ğŸ˜‚ğŸ˜‚ğŸ˜‚ğŸ˜‚ğŸ˜‚ğŸ˜‚ğŸ˜‚,5
551,Nsnsndnsnsnsnsnsnsnsnnsnsnsnsnsnsnnsnsnsnsnsndnnsnsnsnsnsnsnnsnsnsnsnnsnsnsnsnsn,5
552,"ká»‡ cháº¯c cháº¯n,vá»‹ trÃ­ khoan hÆ¡i lá»‡ch chÃºt. má»i ngÆ°á»i dÃ¹ng mÃ¡y khoan thÃ¬ khÃ´ng lo váº¥n Ä‘á» nÃ y ğŸ‘ŒğŸ‘Œ",5
553,"hÃ ng dá»… rÃ¡p , Ä‘áº¹p vÃ  thuáº­n tiá»‡n",5
554,ká»‡ Ä‘áº¹p shop quy tÃ­nh.â™¥ï¸â™¥ï¸â™¥ï¸â™¥ï¸â™¥ï¸â™¥ï¸â™¥ï¸â™¥ï¸â™¥ï¸â™¥ï¸â™¥ï¸â™¥ï¸â™¥ï¸â™¥ï¸â™¥ï¸â™¥ï¸â™¥ï¸â™¥ï¸â™¥ï¸â™¥ï¸â™¥ï¸â™¥ï¸â™¥ï¸â™¥ï¸â™¥ï¸â™¥ï¸â™¥ï¸â™¥ï¸â™¥ï¸,5
555,"á»”n, vá»›i giÃ¡ nÃ y thÃ¬ quÃ¡ OK. Sáº½ á»§ng há»™ shop thÃªm . Cáº£m Æ¡n shop nhiewuf. Giao hÃ ng nhanh, bá»c cáº©n tháº­n. ğŸ˜»ğŸ˜»ğŸ˜»",5
556,"Ä‘áº·t máº§u tráº¯ng giao máº§u gá»— k hiá»ƒu sao ná»¯a.PÃ³ tay,rá»™ng rÃ£i cho 3 sao",5
557,"Dá»… dÃ ng láº¯p rÃ¡p vÃ  thÃ¡o rá»i,",5
558,Sp ok,5
559,"ÄÃ³ng gÃ³i cáº©n tháº­n, váº«n cÃ²n má»™t sá»‘ lá»—i nhá» ngay nhá»¯ng gÃ³c nhÆ°ng cháº¥p nháº­n Ä‘Æ°á»£c. Lá»— báº¯t sáºµn khÃ´ng Ä‘á»u nÃªn ai ko biáº¿t báº¯t y chang lá»— mÃ  khÃ´ng ke gÃ³c sáº½ dá»… bá»‹ xÃ©o",4
560,"Sáº£n pháº©m Ä‘áº¹p, dá»… láº¯p rÃ¡p nhÆ°ng lá»— má»“i hÆ¡i bá»‹ lá»‡ch nÃªn ngÄƒn k Ä‘Æ°á»£c tháº³ng vÃ  Ä‘á»u. Shop gÃ³i hÃ ng cáº©n tháº­n, thá»i gian giao hÃ ng cÅ©ng khÃ¡ ok, giÃ¡ sáº£n pháº©m thÃ¬ mÃ¬nh tháº¥y ráº¥t tá»‘t. Thanks shop!",5
561,"Cháº¥t liá»‡u gá»— cháº¯c cháº¯n vÃ  bá»n, Nhiá»u táº§ng cho khÃ´ng gian lÆ°u trá»¯ rá»™ng rÃ£i,",5
562,"Phong cÃ¡ch thanh lá»‹ch vÃ  hiá»‡n Ä‘áº¡i, HoÃ n háº£o Ä‘á»ƒ sáº¯p xáº¿p vÃ  trÆ°ng bÃ y cÃ¡c máº·t hÃ ng, Phong cÃ¡ch thanh lá»‹ch vÃ  hiá»‡n Ä‘áº¡i,",5
563,"Ká»‡ Ä‘áº¹p vÃ  khÃ¡ cháº¯c cháº¯n, mÃ¬nh Ä‘á»ƒ quÃ¡ trá»i sÃ¡ch luÃ´n mÃ  tháº¥y váº«n khÃ´ng bá»‹ gÃ¬. Má»i ngÆ°á»i nÃªn mua ká»‡ nÃ y, giÃ¡ cÅ©ng á»•n ná»¯a.",5
564,Cung ok,5
565,"HoÃ n háº£o Ä‘á»ƒ sáº¯p xáº¿p vÃ  trÆ°ng bÃ y cÃ¡c máº·t hÃ ng, Phong cÃ¡ch thanh lá»‹ch vÃ  hiá»‡n Ä‘áº¡i,",5
566,"sáº£n pháº©m Ä‘áº¹p cháº¯c cháº¯n, mÃ¬nh bá»‹ thiáº¿u 1 vÃ­t",5
567,"Ká»‡ gá»— Ä‘a nÄƒng tiá»‡n dá»¥ng, CÃ³ nhiá»u kÃ­ch cá»¡ khÃ¡c nhau Ä‘á»ƒ Ä‘Ã¡p á»©ng nhu cáº§u khÃ¡c nhau,",5
568,ok Ä‘áº¹p. 5 sao táº·ng shop.,5
569,"Dá»… dÃ ng láº¯p rÃ¡p vÃ  thÃ¡o rá»i, Tay nghá» cháº¥t lÆ°á»£ng cao,",5
570,"CÃ³ nhiá»u kÃ­ch cá»¡ khÃ¡c nhau Ä‘á»ƒ Ä‘Ã¡p á»©ng nhu cáº§u khÃ¡c nhau,",5
571,Ká»‡ bá»n cháº¯c cháº¯n . Vá» láº¡i láº¯p Ä‘áº·t kiá»ƒu khÃ¡c cháº¯c Shop cÅ©ng khÃ´ng ngá» tá»›i kaka,5
572,"gá»— má»ng vÃ  bÃ©, ko nghÄ© lÃ  bÃ© nhÆ° váº­y, cÃ³ 1 sá»‘ chá»— bá»‹ bong lá»›p sÆ¡n, shop nÃªn kiá»ƒm tra ká»¹ khi giao",4
573,"cháº¥t liá»‡u,hÃ¬nh dÃ¡ng,kÃ­ch thÆ°á»›c Ä‘á»u giá»‘ng nhÆ° shop mÃ´ táº£...táº·ng shop 5sao",5
574,"HoÃ n háº£o Ä‘á»ƒ sáº¯p xáº¿p vÃ  trÆ°ng bÃ y cÃ¡c máº·t hÃ ng,",5
575,"CÃ³ nhiá»u kÃ­ch thÆ°á»›c khÃ¡c nhau phÃ¹ há»£p vá»›i nhu cáº§u sá»­ dá»¥ng, Kiá»ƒu dÃ¡ng hiá»‡n Ä‘áº¡i vÃ  tinh táº¿, Ká»¹ thuáº­t cháº¿ tÃ¡c cháº¥t lÆ°á»£ng cao,",5
576,ÄÃ¡ng tiá»n:Ä‘ep.cháº¥t liá»‡u gá»— Ã©p cháº¯c cháº¯n,5
577,"CÃ³ nhiá»u kÃ­ch thÆ°á»›c khÃ¡c nhau phÃ¹ há»£p vá»›i nhu cáº§u sá»­ dá»¥ng, Kiá»ƒu dÃ¡ng hiá»‡n Ä‘áº¡i vÃ  tinh táº¿, Nhiá»u táº§ng Ä‘á»ƒ táº¡o khÃ´ng gian lÆ°u trá»¯ rá»™ng rÃ£i, CÃ³ nhiá»u kÃ­ch thÆ°á»›c khÃ¡c nhau phÃ¹ há»£p vá»›i nhu cáº§u sá»­ dá»¥ng,",5
578,"Dá»… dÃ ng láº¯p rÃ¡p vÃ  thÃ¡o gá»¡, CÃ³ nhiá»u kÃ­ch thÆ°á»›c khÃ¡c nhau phÃ¹ há»£p vá»›i nhu cáº§u sá»­ dá»¥ng, Ká»¹ thuáº­t cháº¿ tÃ¡c cháº¥t lÆ°á»£ng cao,",5
579,"Ká»‡ gá»— Ä‘a nÄƒng tiá»‡n dá»¥ng,",5
580,"Perfect for organizing and displaying items,",5
581,"Ä‘Ã£ nháº­n Ä‘Æ°á»£c ká»‡ 4 táº§ng, Ä‘áº¹p, cháº¯c cháº¯n, giÃ¡ ráº» má»i ngÆ°á»i nÃªn mua. shop uy tÃ­n. nhÃ¢n viÃªn giao hÃ ng nhiá»‡t tÃ¬nh",5
582,Ä‘Ã£ nhÃ¢n Ä‘Æ°á»£c ká»‡ Ã´ vuÃ´ng. Ä‘Ã¢y lÃ  láº§n thá»© hai mÃ¬nh mua táº¡i shop. cÃ´ng nháº­n shop Ä‘Ã³ng gÃ³i ká»¹ quÃ¡. shop ráº¥t uy tÃ­n. nÃªn mua nghe,5
583,ğŸ«¶,5
584,"Perfect for organizing and displaying items, Multiple tiers for ample storage space, Multiple tiers for ample storage space,",5
585,"Versatile and convenient wooden shelf, Perfect for organizing and displaying items, Versatile and convenient wooden shelf, Perfect for organizing and displaying items, Versatile and convenient wooden shelf, Sturdy and durable wooden material, Comes in various sizes for different needs, Multiple tiers for ample storage space,",5
586,hÃ ng tá»‘t,5
587,hÃ ng tá»‘t,5
588,"High-quality craftsmanship, Comes in various sizes for different needs, Sturdy and durable wooden material,",5
589,"Sleek and modern style, Comes in various sizes for different needs, Versatile and convenient wooden shelf, Multiple tiers for ample storage space,",5
590,"Easy to assemble and disassemble, Sturdy and durable wooden material, Sleek and modern style, Multiple tiers for ample storage space,",5
591,"shop Ä‘Ã³ng goi ok, nhÆ°ng á»Ÿ Ä‘áº§u táº¥m gá»— bá»‹ bung, dá»… láº¯p rÃ¡p, nÃ³i chung vá»›i giÃ¡ tiá»n nÃ y thÃ¬ cháº¥t lÆ°á»£ng tÆ°Æ¡ng á»©ng, pháº£i trÃ¡nh nÆ°á»›c, gáº·p nÆ°á»›c lÃ  bung ra háº¿t!",5
592,,5
593,,5
594,"LÃ½ tÆ°á»Ÿng Ä‘á»ƒ sáº¯p xáº¿p vÃ  trÆ°ng bÃ y cÃ¡c váº­t pháº©m, Ká»¹ thuáº­t cháº¿ tÃ¡c OK, Ká»‡ gá»— Ä‘a nÄƒng tiá»‡n dá»¥ng,",5
595,"Kiá»ƒu dÃ¡ng hiá»‡n Ä‘áº¡i vÃ  tinh táº¿, CÃ³ nhiá»u kÃ­ch thÆ°á»›c khÃ¡c nhau phÃ¹ há»£p vá»›i nhu cáº§u sá»­ dá»¥ng, Dá»… dÃ ng láº¯p rÃ¡p vÃ  thÃ¡o gá»¡, Ká»¹ thuáº­t cháº¿ tÃ¡c cháº¥t lÆ°á»£ng cao,",5
596,ÄÃ¡ng tiá»n:ÄÃ¡ng tiá»n,5
597,"Versatile and convenient wooden shelf, Perfect for organizing and displaying items, Sleek and modern style, High-quality craftsmanship,",5
598,"Easy to assemble and disassemble, Comes in various sizes for different needs, Perfect for organizing and displaying items,",5
599,"Cháº¥t liá»‡u : táº¡m Ä‘Æ°á»£c ÄÃ³ng gÃ³i : nhiá»u bá»¥i báº·m, ba vá»›, tráº§y xÆ°á»›c, ko vá»‡ sinh ká»¹ trÆ°á»›c khi Ä‘Ã³ng gÃ³i.",5
600,"Kiá»ƒu dÃ¡ng hiá»‡n Ä‘áº¡i vÃ  tinh táº¿, Dá»… dÃ ng láº¯p rÃ¡p vÃ  thÃ¡o gá»¡, LÃ½ tÆ°á»Ÿng Ä‘á»ƒ sáº¯p xáº¿p vÃ  trÆ°ng bÃ y cÃ¡c váº­t pháº©m,",5
601,"Cháº¥t liá»‡u : táº¡m Ä‘Æ°á»£c ÄÃ³ng gÃ³i : nhiá»u bá»¥i báº·m, ba vá»›, tráº§y xÆ°á»›c, ko vá»‡ sinh ká»¹ trÆ°á»›c khi Ä‘Ã³ng gÃ³i.",5
602,"Ká»¹ thuáº­t cháº¿ tÃ¡c cháº¥t lÆ°á»£ng cao, LÃ½ tÆ°á»Ÿng Ä‘á»ƒ sáº¯p xáº¿p vÃ  trÆ°ng bÃ y cÃ¡c váº­t pháº©m, Kiá»ƒu dÃ¡ng hiá»‡n Ä‘áº¡i vÃ  tinh táº¿, Nhiá»u táº§ng Ä‘á»ƒ táº¡o khÃ´ng gian lÆ°u trá»¯ rá»™ng rÃ£i,",5
603,ÄÃ¡ng tiá»n:ráº¥t phÃ¹ há»£p tÃºi tiá»n trong giai Ä‘oáº¡n nÃ y,5
604,"Láº¯p dá»…, Ä‘áº¹p cháº¯c cháº¯n. Pháº§n Ä‘áº§u ká»‡ hÆ¡i sá»©t 1 chÃºt nhÆ°ng cháº¥p nháº­n Ä‘Æ°á»£c. Shop lÆ°u Ã½ khi Ä‘Ã³ng gÃ³i bá»c Ä‘á»‡m thÃªm 2 Ä‘áº§u Ä‘á»ƒ váº­n chuyá»ƒn trÃ¡nh bá»‹ sá»©t á»Ÿ 2 Ä‘áº§u.",5
605,"CÃ³ nhiá»u kÃ­ch thÆ°á»›c khÃ¡c nhau phÃ¹ há»£p vá»›i nhu cáº§u sá»­ dá»¥ng, Nhiá»u táº§ng Ä‘á»ƒ táº¡o khÃ´ng gian lÆ°u trá»¯ rá»™ng rÃ£i, HÃ ng Ä‘áº¹p, giao nhanh, chá»‰ pháº£i tá»± báº¯t vÃ­t láº¯p rÃ¡p cÃ¡c pháº§n vá»›i nhau.",5
606,ÄÃ¡ng tiá»n:giÃ¡ há»™p lÃ½,5
607,ÄÃ¡ng tiá»n:Ä‘ang tiá»n,5
608,"ĞŸĞ¾Ğ»ĞºĞ° ÑĞ¾Ğ²ÑĞµĞ¼ Ğ½Ğµ Ñ‚Ğ¾, Ñ‡Ñ‚Ğ¾ Ğ½Ğ° ĞºĞ°Ñ€Ñ‚Ğ¸Ğ½ĞºĞµ. Ğ¢Ğ¾Ğ½ĞºĞ°Ñ Ğ´Ñ€ĞµĞ²ĞµÑĞ¸Ğ½Ğ°, ÑˆĞ°Ñ‚ĞºĞ°Ñ Ğ¿Ğ¾Ğ»ĞºĞ°",4
609,"Ká»¹ thuáº­t cháº¿ tÃ¡c cháº¥t lÆ°á»£ng cao, LÃ½ tÆ°á»Ÿng Ä‘á»ƒ sáº¯p xáº¿p vÃ  trÆ°ng bÃ y cÃ¡c váº­t pháº©m, Dá»… dÃ ng láº¯p rÃ¡p vÃ  thÃ¡o gá»¡, Cháº¥t liá»‡u gá»— cháº¯c cháº¯n vÃ  bá»n bá»‰,",5
610,,5
611,,5
612,,5
613,,5
614,,5
615,,5
616,,5
617,,5
618,"Multiple tiers for ample storage space, Sleek and modern style, Versatile and convenient wooden shelf, Comes in various sizes for different needs,",5
619,,5
620,"S/p OK Ä‘áº¹p cÃ³ Ä‘á»u hÆ¡i yáº¿u,nhÆ°ng Ä‘Ã£ sá»­ lÃ½ OK..nv giao hÃ ng nhanh nv thÃ¢n thiá»‡n tá»‘t ok cho shop cho 5*",5
621,,5
622,,5
623,ğŸ¨Thiáº¿t káº¿ï¼š,5
624,dÃ¹ng tá»‘t tiá»‡n dá»¥ng,5
625,"Kiá»ƒu dÃ¡ng hiá»‡n Ä‘áº¡i vÃ  tinh táº¿, Ká»‡ gá»— Ä‘a nÄƒng tiá»‡n dá»¥ng, Dá»… dÃ ng láº¯p rÃ¡p vÃ  thÃ¡o gá»¡,",5
626,"LÃ½ tÆ°á»Ÿng Ä‘á»ƒ sáº¯p xáº¿p vÃ  trÆ°ng bÃ y cÃ¡c váº­t pháº©m, Nhiá»u táº§ng Ä‘á»ƒ táº¡o khÃ´ng gian lÆ°u trá»¯ rá»™ng rÃ£i,",5
627,ÄÃ¡ng tiá»n:ok hÆ¡n mÃ¬nh nghÄ© nhiá»u,5
628,"Dá»… dÃ ng láº¯p rÃ¡p vÃ  thÃ¡o gá»¡, Nhiá»u táº§ng Ä‘á»ƒ táº¡o khÃ´ng gian lÆ°u trá»¯ rá»™ng rÃ£i, cháº¥t liá»‡u thÃ¬ táº¡m",5
629,"Sturdy and durable wooden material, Comes in various sizes for different needs,",5
630,Tá»‘t phÃ¹ há»£p tÃºo tiá»n,5
631,HÃ ng nhÆ° hÃ¬nh . Tam á»•n vá»›i giÃ¡ tiá»n,5
632,"Perfect for organizing and displaying items, Easy to assemble and disassemble,",5
633,"Giao hÃ ng Ä‘Ãºng máº«u, Ä‘áº§y Ä‘á»§ phá»¥ kiá»‡n, Ä‘Ã³ng gÃ³i cáº©n tháº­n. CÃ¡m Æ¡n Shop, háº¹n gáº·p láº¡i!",5
634,Táº¡m á»•n. chá»‰euf sÃ¢u 20cm nÃªn hÆ¡i nÃ´ng. . shop giao hÃ ng nhanh. nÃ³i chung há»£p lÃ½.,5
635,"Táº¡m á»•n. ká»‡ hÆ¡i nÃ´ng. con gÃ¡i láº¯p hÆ¡u khÃ³ moitj xÃ­u, nhÆ°ng cÅ©ng lÃ m Ä‘Æ°á»£c. Ä‘Ã¡nh giÃ¡ 8/10",5
636,"HÃ ng á»•n so vá»›i giÃ¡. Gá»— Ã©p khÃ¡ cháº¯c cháº¯n, kÃ­ch thÆ°á»›c nhá» hÆ¡n m tÆ°á»Ÿng nhÆ°ng khÃ´ng sao",5
637,Giá»‘ng mÃ´ táº£,5
638,Ä‘áº¹p..Ä‘Ãºng máº¥u ..ok shop..,5
639,"High-quality craftsmanship, Versatile and convenient wooden shelf,",5
640,"ÄÃ¡ng tiá»n:cá»©ng cÃ¡p, náº·ng",5
641,"High-quality craftsmanship, Perfect for organizing and displaying items,",5
642,"Ká»‡ má»ng nha, Dá»… dÃ ng láº¯p rÃ¡p, nghÄ© tiá»n nÃ o cá»§a Ä‘Ã³ thÃ´i. Ko vá»«a Ã½ cho máº¥y",4
643,Ká»‡ yáº¿u vÃ  tráº§y nÃªn Ä‘á»ƒ Ä‘á»“ nháº¹ vÃ  pháº£i báº¯t Ä‘inh vÃ o tÆ°á»ng ko dá»… bá»‹ Ä‘á»•. 6/10.,5
644,"Sáº£n pháº©m ráº¥t Ä‘áº¹p, láº¯p rÃ¡p dá»… dÃ ng, mÃ u sang Ä‘áº¹p. Sáº½ á»§ng há»™ shop nhiá»u láº§n",5
645,ÄÃ¡ng tiá»n:CÃ³,5
646,ÄÃ¡ng tiá»n:CÃ³,5
647,"Versatile and convenient wooden shelf, Sturdy and durable wooden material,",5
648,"Há»™p cá»©ng cÃ¡p, á»•n. Mua mÃ u nÃ y sá»£ mau dÆ¡. Äáº¹p vÃ  cháº¥t lÆ°á»£ng á»•n. 5* váº­y",5
649,"Ká»‡ gá»— Ä‘a nÄƒng tiá»‡n dá»¥ng,",5
650,váº­n chuyá»ƒn bá»‹ hÆ° gÃ³c. Shop cáº§n cáº©n tháº­n bá»c cÃ¡c gÃ³cw láº¡i,5
651,vÃ¡n má»ng nhÆ°ng báº¯t vÃ­t vÃ´ thÃ¬ cÅ©ng khÃ¡ cháº¯c cháº¯n. ok vá»›i giÃ¡ tiá»n.,5
652,ká»‡ Ä‘áº¹p dá»… láº¯p ghÃ©p. nhá» gá»n xinh xáº¯n. ráº¥t Ä‘Ã¡ng tiá»nğŸ˜‰ğŸ˜‰ğŸ˜‰ğŸ˜‰ğŸ˜‰ğŸ˜‰,5
653,Má»›i nháº­n chÆ°a má»Ÿ ra chÆ°a biáº¿t.. nhÃ¬n chung cÃ³ váº» cháº¯c cháº¯n,5
654,"ká»‡ nÃ y má»ng hÆ¡n há»“i Ä‘Ã³, ko thÃ­ch cho láº¯m. tiá»n nÃ o cá»§a Ä‘Ã³ rá»“i",4
655,HÃ ng Ä‘c. NhÆ°ng bá»‹ gÃ£y máº¥t 2 thanh áº¡. Äá» nghá»‹ Ä‘Ã³ng gÃ³i kÄ© hÆ¡n,5
656,sáº£n pháº©m Ä‘áº¹p Ä‘Ãºng mÃ´ táº£ nhÆ°ng chÆ°a sá»­ dá»¥ng chÆ°a piÃªta tháº¿ nÃ o thanks,5
657,"nice quality, fits within the shelf just fine. as expected",5
658,hÃ ng tá»‘t .............................................,5
659,K dc cháº¯c cháº¯n láº¯m,5
660,"Ä‘áº·t 3 ngÄƒn nháº­n Ä‘Æ°á»£c ká»‡ 4 ngÄƒn, quÃ¡ lá»i, má»—i tá»™i lá»— Ä‘á»¥c sáºµn khÃ´ng khÃ­t vá»›i nhau láº¯m nÃªn pháº£i tá»± dÃ¹i lá»— khÃ¡c",5
661,,5
662,mua lan 3 rÃ¹i ok mua dc ................................................................,5
663,It is as pictured and was easy to assemble. No problems and would recommend,5
664,ok nha máº¥y báº¡n,5
665,quÃ¡ Ä‘áº¹p sáº½ á»§ng há»™ shop ná»¯a,5
666,"Äáº·t 4 ká»‡ 2 ká»‡ cháº¥t liá»‡u tráº¯ng trÆ¡n , 2 ká»‡ cháº¥t tráº¯ng xÆ°á»›c . Äá»ƒ cÃ¹ng nhau khÃ´ng Ä‘áº¹p ,",5
667,"Tá»‘t, Ä‘áº¹p...........................................",5
668,ká»‡ Ä‘áº¹p láº¯p rÃ¡p Ä‘Æ¡n giáº£n,5
669,"Ä‘Ã³ng gÃ³i quÃ¡ tá»‘t, shipper thÃ¢n thiá»‡nğŸ˜Š",5
670,Ká»‡ khoan lá»‡ch tá»«a lÆ°a.,5
671,Tá»‘t tttttttttttttttttttttttttttttttttttttttttttttttttttttttttttttttttttttttttt,5
672,hÃ i lÃ²ng,5
673,"sáº£n pháº©m Ä‘áº¹p . Ä‘Ãºng Ã½ , giao hÃ ng nhanh gá»n . thÃ¢n thiá»‡n . lÃªn mua",5
674,Ká»‡ dep ráº» giao hang ok nhanh,5
675,Sáº£n pháº©m oke. NhÃ¢n viÃªn giao hÃ ng nhiá»‡t tÃ¬nh vÃ  tá»‘t bá»¥ng Ä‘á»‰nh cá»§a chÃ³p.,5
676,"Sáº£n pháº©m ok trong táº§m giÃ¡, hÆ¡i yáº¿u",5
677,"Khoan lá»— sai tá»«a lÆ°a, cÃ³ nhiá»u táº¥m cÃ²n khoan thiáº¿u lá»—",5
678,ká»‡ Ä‘áº¹p rÃ¡p Ä‘á»ƒ Ä‘á»“ ráº¥t ngÄƒn náº¯p.ok,5
679,shop Ä‘ong gÃ³i cáº©n tháº­n. giao hÃ ng nhanh . sáº£n pháº©m ráº¥t Ä‘áº¹p áº¡ . sáº½ á»§ng há»™ shop láº§n sau . moi ngÆ°á»i nÃªn mua nha,5
680,hÃ ng tá»‘t mÃ  cÃ³ Ä‘Ã´i chá»— sÆ¡n lÃ³c,5
681,ok nha shop,5
682,Ä‘áº¹p nhÃ  cáº£ nha,5
683,há»£p giÃ¡ tiá»n,5
684,ÄÃ³ng gÃ³i cáº©n tháº­n,5
685,"mÃ u Ä‘áº¹p tráº¯t cháº¯n k xiu quáº¹o, cháº¥t lÆ°á»£ng tá»‘t nÃªn mua",5
686,mua kÃª nay giao ke kia,5
687,"Æ°ng láº¯m , nÃªn mua nha má»i ngÆ°Æ¡i",5
688,"oki, Ä‘áº¹p dá»… láº¯p. chá»‰ cÃ³ Ä‘iá»ƒm khoan lá»— khong Ä‘Æ°á»£c chuáº©n váº«n cháº¥p nháº­n Ä‘Æ°á»£c. láº§n sau sáº½ á»§ng há»™ shop tiáº¿p",5
689,ok cÅ©ng táº¡m Ä‘Æ°á»£c........................................ .........................,5
690,,5
691,"hÃ ng Ä‘áº¹p, sáº½ mua thÃªm",5
692,Ráº¥t hÃ i lÃ²ng,5
693,"ká»‡ Ä‘áº¹p, giá»‘ng nhÆ° mÃ´ táº£, Ä‘á»ƒ gÃ³c nÃ o cÅ©ng xinh. shop giao Ä‘Ãºng vÃ  Ä‘á»§ sáº£n pháº©m, hÃ ng bá»‹ tráº§y gÃ³c do váº­n chuyá»ƒn, nhÆ°ng khÃ´ng Ä‘Ã¡ng ká»ƒ.",5
694,Láº§n 2 mÃ¬nh mua ráº¥t thÃ­ch thank shop,5
695,"Ká»‡ Ä‘áº¹p, cháº¯c cháº¯n vÃ  giao hÃ ng siÃªu nhanh nha, ráº¥t nÃªn mua",5
696,"Sáº£n pháº©m ráº¥t dá»… láº¯p rÃ¡p, Ä‘áº¹p",5
697,"khÃ´ng giá»‘ng nhÆ° hÃ¬nh, nhÆ°ng cung gá»n gÃ ng ok",5
698,Ä‘Ã³ng gÃ³p khÃ¡ oke nhm lÃºc giao tá»›i thÃ¬ bá»‹ trÃ³c máº¥t r nhÃ¬n k Ä‘c Ä‘áº¹p lá»— khoan sáºµn bá»‹ lá»‡ch khÃ¡ khÃ³ chá»‹u,5
699,"ká»‡ cháº¯c cháº¯n,ok nÃªn mua nha mn",5
700,"tá»§ nÃ y thÃ¬ giao Ä‘á»§ Ã³c, chá»© tá»§ 3 táº§ng thÃ¬ giao thiáº¿u Ã³c. láº¯p dá»…, xong nhÃ¬n cÅ©ng Ä‘Æ°á»£c",5
701,sp phÃ¹ há»£p vá»›i giÃ¡ tiá»n,5
702,"Ä‘Ã£ nháº­n Ä‘Æ°á»£c sáº£n pháº©m, Ä‘Ã³ng gÃ³i chá»‰n chu vÃ  thÃ¡i Ä‘á»™ phá»¥c vá»¥ Ä‘á»•i vá»›i khÃ¡ch hÃ ng ráº¥t thÃ¢n thiá»‡n, mong lÃ  shop luÃ´n duy trÃ¬ cung cÃ¡ch lÃ m Äƒn nÃ y, tÃ´i ráº¥t thÃ­ch vÃ  luÃ´n á»§ng há»™ shop.",5
