0,"–ü–æ–ª–∫–∞ —Å–¥–µ–ª–∞–Ω–∞ –∏ –≥*–≤–Ω–∞ –∏ –ø–∞–ª–æ–∫, —á—Ç–æ –Ω–∞–∑—ã–≤–∞–µ—Ç—Å—è, –≤—Å—è –ø–æ—Ç—Ä–µ–ø–∞–Ω–Ω–∞—è, —Ö–ª–∏–ø–∫–∞—è, —Å–≤–æ–∏—Ö –¥–µ–Ω–µ–≥ –Ω–µ —Å—Ç–æ–∏—Ç, –ª—É—á—à–µ —Å–¥–µ–ª–∞—Ç—å –¥–æ—Ä–æ–∂–µ –∏ –ø–æ-—á–µ–ª–æ–≤–µ—á–µ—Å–∫–∏, —á–µ–º –ø—Ä–æ–¥–∞–≤–∞—Ç—å —Ç–∞–∫–∏–µ –∏–∑–¥–µ–ª–∏—è",2
1,"When I put the screws in, all the boards cracked.",2
2,Disgusting quality. All goods are dirty and shabby. It feels like someone took apart their old and re-sold it to me. Very bad!,1
3,"s·∫£n ph·∫©m l·∫Øp r√°p d·ªÖ, ƒë√≥ng g√≥i v√† qu√° tr√¨nh v·∫≠n chuy·ªÉn, ch∆∞a ƒë∆∞·ª£c t·ªët. nh·∫≠n s·∫£n ph·∫©m b·ªã g√£y nhi·ªÅu ch·ªï ( c√≥ th·ªÉ trong qu√° tr√¨nh v·∫≠n chuy·ªÉn b·ªã t√°c ƒë·ªông t·ª´ b√™n ngo√†i).",1
4,H√†ng b·ªã tr·∫ßy x∆∞·ªõc nh∆∞ng v·∫´n ƒë√≥ng g√≥i giao cho kh√°ch,2
5,"T·ªß kh√¥ng gi·ªëng nh∆∞ ƒë√£ qu·∫£ng c√°o,kh√¥ng ch·∫Øc ch·∫Øn,r√°p v√¥ xong ch·∫°m nh·∫π v√†o ƒë√£ rung rinh,kh√¥ng ƒë√°ng mua.",1
6,b·ªã b·ª•i v√† k·ªá m√≥p,2
7,Ko r·ªông theo √Ω mu√¥n,2
8,·ªçp ·∫πp,1
9,m·ªôt ƒëi·ªÉm tr·ª´ l√† ko c√≥ h√¨nh m·∫´u ƒë·ªÉ xem m√† r√°p theo nh√©. ch∆∞a c√≥ r√°p n√™n ch∆∞a bi·∫øt ra sao,2
10,poor quality,2
11,qu√° th·∫•t v·ªçng khi mua h√†ng giao h√†ng g·ªó b·ªã th·∫•m n∆∞·ªõc n·ªü,1
12,"K·ªá bong tr√≥c g√≥c t√πm lum. Ch·ªâ c√≥ ·ªëc ƒë·ªÉ b·∫Øt th√¨ r·∫•t y·∫øu, kh√¥ng c√≥ pass ƒë·ªÉ b·∫Øt cho ch·∫Øc ch·∫Øn kh√¥ng ƒë·ªÉ ƒë·ªì n·∫∑ng ƒë∆∞·ª£c, s·ª≠ d·ª•ng th·ªùi gian ng·∫Øn s·∫Ω b·ªã x·ªá",2
13,"there are chips, scratches, cracks, corners are beaten, the quality is disgusting",2
14,"H√†ng l√†m c·∫©u th·∫£, b·ªã l·ªách nhi·ªÅu. L·ªó v√≠t ko √¢m g√¢y kho cho vi·ªác k·∫øt n·ªëi nhi·ªÅu t·∫ßng Ko v·ªá sinh tr∆∞·ªõc khi ƒë√≥ng g√≥i.. m·∫°t s∆°n, g·ªó b√°m ƒë·∫ßy",2
15,"ƒë√πa nhau giao g√¨ m√† thi·∫øu t·∫≠n 4 √≥c ,b·∫Øt √≥c v√†o th√¨ 1 c·∫°nh b·ªã t√©t ! bi·∫øt l√† gi√° c≈©ng ·ªón m√† b√°n ƒë√†ng ho√†ng c√°i ·∫° em cho 2 sao th√¥i ·∫°",2
16,"H√†ng ƒë√≥ng g√≥i r·∫•t t·ªá, k·ªá b·ªã ch·∫ßy x∆∞·ªõc c·∫°nh bong tr√≥c s∆°n r·∫•t nhi·ªÅu. V·ªã tr√≠ b·∫Øn v√≠t l·ªách khi·∫øn k·ªá ko c√¢n b·∫±ng ·ªçp ·∫πp",2
17,"B√°o h·ª©c ch·ªù ƒë·ª£t xong nh·∫≠n ƒë∆∞·ª£c h√†ng th√¨ b·ªã b·ªÉ, ch√¢n thi·ªát s·ª±.. r·∫•t ph√≠ ti·ªÅn nhaaa",1
18,ƒê·∫∑ v√¢n g·ªó giao m√†u tr·∫Øng,1
19,Very basic item which is what I expected. Very easy to put together. I bought 2 as a tempers solution but unfortunately not enough screws to finish both.,2
20,"Item is damaged. Materials chipped, not white, like an off white/blue-ish colour. Would send back but for such little cost it is too much hassle. Can‚Äôt use item for intended purpose",1
21,Broken,1
22,,2
23,,1
24,,1
25,,2
26,,2
27,,1
28,,1
29,,1
30,,1
31,"Thi·∫øt k·∫ø c·ªï tr√≤n phong c√°ch, V·ª´a v·∫∑n tho·∫£i m√°i v√† r·ªông r√£i, ƒê·ªôc ƒë√°o v√† b·∫Øt m·∫Øt,",1
32,Qu√° nh·ªè fjjffjfjfhjfjjjfjdjdjdjdjdjdjdjdjjƒëjjdjdjdjd,1
33,D·∫∑t √°o xxL g·ªüi v·ªÅ c√°i √°o con n√≠t 8 tu·ªïi m·∫∑c c√≤n ch·∫≠t,1
34,"ƒë·∫∑t 5xl t∆∞∆°ng ƒë∆∞∆°ng v·ªõi 100-110 kg trong m√¥ t·∫£, mua v·ªÅ m·∫∑t ch·∫≠t n√≠ch",1
35,very small size for xl product.,2
36,qu√° l√† t·ªá ƒë√£ h·ªßy r l·∫°i t·ª´ ch·ªëi,1
37,√Åo ng·∫Øn v√† nh·ªè,2
38,ko gi·ªëng l·∫Øm,1
39,ƒë·∫∑t s∆° mi giao √°o thun c√°i ch·ªß shop l·ªìn,1
40,ao may gi bi loi o 2 canh tay ma ko ra gi ca te wa 1 sao di,1
41,K√≠ch c·ª°:kh√¥ng ƒë√∫ng size,2
42,ch·∫•t l∆∞·ª£ng qu√° t·ªá,1
43,,1
44,,2
45,,2
46,,1
47,,1
48,,1
49,,1
50,,1
51,,1
52,,1
53,,2
54,,1
55,,1
56,ƒë·∫∑t 3 s·∫£n ph·∫©m m√† ch·ªâ giao c√≥ 1s·∫£n ph·∫©m,1
57,üîãTh·ªùi l∆∞·ª£ng pin:n√≥i dung 5 ti·∫øng x√†i 15 ph√∫t,1
58,Something inside the fan came loose and it doesnt work. Bad construction I didnt damage it.,1
59,"ƒë·ª• m·∫π t·ª• b√¢y b·ªçn lazada kh·ªën ki·∫øp. l·∫ßn ƒë·∫ßu ta ƒë·∫∑t th√¨ c·ª© cho l√† ƒë·∫∑t nh·∫ßm. l·∫ßn sau tao ƒë√£ chat r·ªìi, c≈©ng giao th·ª© c≈© t·ªïng c·ªông 7 chai...tao c√≥ th·ªÉ v·ª©t. nh∆∞ng l∆∞∆°ng t√¢m b·ªçn m√†y t·ª´ nay tr·ªü ƒëi s·∫Ω vƒ©nh vi·ªÖn kh√¥ng y√™n.",2
60,giao h√†ng nhanh bao b√¨ ƒë·∫πp... nh∆∞ng khi khui ra th√¨ n·∫Øp n·ª©t v·ª° ch·∫°y n∆∞·ªõc t√πm lum,2
61,h√†ng b·ªã v·ª°,1
62,·ªßa sao tui ch∆∞a nh·∫≠n ƒë∆∞·ª£c h√†ng m√† ƒë√£ giao th√†nh c√¥ng v·∫≠y shop ·ªßa l√†m ƒÉn g√¨ k√¨ v·∫≠y tr·ªùi,1
