0,"ĞŸĞ¾Ğ»ĞºĞ° ÑĞ´ĞµĞ»Ğ°Ğ½Ğ° Ğ¸ Ğ³*Ğ²Ğ½Ğ° Ğ¸ Ğ¿Ğ°Ğ»Ğ¾Ğº, Ñ‡Ñ‚Ğ¾ Ğ½Ğ°Ğ·Ñ‹Ğ²Ğ°ĞµÑ‚ÑÑ, Ğ²ÑÑ Ğ¿Ğ¾Ñ‚Ñ€ĞµĞ¿Ğ°Ğ½Ğ½Ğ°Ñ, Ñ…Ğ»Ğ¸Ğ¿ĞºĞ°Ñ, ÑĞ²Ğ¾Ğ¸Ñ… Ğ´ĞµĞ½ĞµĞ³ Ğ½Ğµ ÑÑ‚Ğ¾Ğ¸Ñ‚, Ğ»ÑƒÑ‡ÑˆĞµ ÑĞ´ĞµĞ»Ğ°Ñ‚ÑŒ Ğ´Ğ¾Ñ€Ğ¾Ğ¶Ğµ Ğ¸ Ğ¿Ğ¾-Ñ‡ĞµĞ»Ğ¾Ğ²ĞµÑ‡ĞµÑĞºĞ¸, Ñ‡ĞµĞ¼ Ğ¿Ñ€Ğ¾Ğ´Ğ°Ğ²Ğ°Ñ‚ÑŒ Ñ‚Ğ°ĞºĞ¸Ğµ Ğ¸Ğ·Ğ´ĞµĞ»Ğ¸Ñ",2
1,"When I put the screws in, all the boards cracked.",2
2,Disgusting quality. All goods are dirty and shabby. It feels like someone took apart their old and re-sold it to me. Very bad!,1
3,"sáº£n pháº©m láº¯p rÃ¡p dá»…, Ä‘Ã³ng gÃ³i vÃ  quÃ¡ trÃ¬nh váº­n chuyá»ƒn, chÆ°a Ä‘Æ°á»£c tá»‘t. nháº­n sáº£n pháº©m bá»‹ gÃ£y nhiá»u chá»• ( cÃ³ thá»ƒ trong quÃ¡ trÃ¬nh váº­n chuyá»ƒn bá»‹ tÃ¡c Ä‘á»™ng tá»« bÃªn ngoÃ i).",1
4,HÃ ng bá»‹ tráº§y xÆ°á»›c nhÆ°ng váº«n Ä‘Ã³ng gÃ³i giao cho khÃ¡ch,2
5,"Tá»§ khÃ´ng giá»‘ng nhÆ° Ä‘Ã£ quáº£ng cÃ¡o,khÃ´ng cháº¯c cháº¯n,rÃ¡p vÃ´ xong cháº¡m nháº¹ vÃ o Ä‘Ã£ rung rinh,khÃ´ng Ä‘Ã¡ng mua.",1
6,bá»‹ bá»¥i vÃ  ká»‡ mÃ³p,2
7,Ko rá»™ng theo Ã½ muÃ´n,2
8,á»p áº¹p,1
9,má»™t Ä‘iá»ƒm trá»« lÃ  ko cÃ³ hÃ¬nh máº«u Ä‘á»ƒ xem mÃ  rÃ¡p theo nhÃ©. chÆ°a cÃ³ rÃ¡p nÃªn chÆ°a biáº¿t ra sao,2
10,poor quality,2
11,quÃ¡ tháº¥t vá»ng khi mua hÃ ng giao hÃ ng gá»— bá»‹ tháº¥m nÆ°á»›c ná»Ÿ,1
12,"Ká»‡ bong trÃ³c gÃ³c tÃ¹m lum. Chá»‰ cÃ³ á»‘c Ä‘á»ƒ báº¯t thÃ¬ ráº¥t yáº¿u, khÃ´ng cÃ³ pass Ä‘á»ƒ báº¯t cho cháº¯c cháº¯n khÃ´ng Ä‘á»ƒ Ä‘á»“ náº·ng Ä‘Æ°á»£c, sá»­ dá»¥ng thá»i gian ngáº¯n sáº½ bá»‹ xá»‡",2
13,"there are chips, scratches, cracks, corners are beaten, the quality is disgusting",2
14,"HÃ ng lÃ m cáº©u tháº£, bá»‹ lá»‡ch nhiá»u. Lá»— vÃ­t ko Ã¢m gÃ¢y kho cho viá»‡c káº¿t ná»‘i nhiá»u táº§ng Ko vá»‡ sinh trÆ°á»›c khi Ä‘Ã³ng gÃ³i.. máº¡t sÆ¡n, gá»— bÃ¡m Ä‘áº§y",2
15,"Ä‘Ã¹a nhau giao gÃ¬ mÃ  thiáº¿u táº­n 4 Ã³c ,báº¯t Ã³c vÃ o thÃ¬ 1 cáº¡nh bá»‹ tÃ©t ! biáº¿t lÃ  giÃ¡ cÅ©ng á»—n mÃ  bÃ¡n Ä‘Ã ng hoÃ ng cÃ¡i áº¡ em cho 2 sao thÃ´i áº¡",2
16,"HÃ ng Ä‘Ã³ng gÃ³i ráº¥t tá»‡, ká»‡ bá»‹ cháº§y xÆ°á»›c cáº¡nh bong trÃ³c sÆ¡n ráº¥t nhiá»u. Vá»‹ trÃ­ báº¯n vÃ­t lá»‡ch khiáº¿n ká»‡ ko cÃ¢n báº±ng á»p áº¹p",2
17,"BÃ¡o há»©c chá» Ä‘á»£t xong nháº­n Ä‘Æ°á»£c hÃ ng thÃ¬ bá»‹ bá»ƒ, chÃ¢n thiá»‡t sá»±.. ráº¥t phÃ­ tiá»n nhaaa",1
18,Äáº· vÃ¢n gá»— giao mÃ u tráº¯ng,1
19,Very basic item which is what I expected. Very easy to put together. I bought 2 as a tempers solution but unfortunately not enough screws to finish both.,2
20,"Item is damaged. Materials chipped, not white, like an off white/blue-ish colour. Would send back but for such little cost it is too much hassle. Canâ€™t use item for intended purpose",1
21,Broken,1
22,,2
23,,1
24,,1
25,,2
26,,2
27,,1
28,,1
29,,1
30,,1
31,"Thiáº¿t káº¿ cá»• trÃ²n phong cÃ¡ch, Vá»«a váº·n thoáº£i mÃ¡i vÃ  rá»™ng rÃ£i, Äá»™c Ä‘Ã¡o vÃ  báº¯t máº¯t,",1
32,QuÃ¡ nhá» fjjffjfjfhjfjjjfjdjdjdjdjdjdjdjdjjÄ‘jjdjdjdjd,1
33,Dáº·t Ã¡o xxL gá»Ÿi vá» cÃ¡i Ã¡o con nÃ­t 8 tuá»•i máº·c cÃ²n cháº­t,1
34,"Ä‘áº·t 5xl tÆ°Æ¡ng Ä‘Æ°Æ¡ng vá»›i 100-110 kg trong mÃ´ táº£, mua vá» máº·t cháº­t nÃ­ch",1
35,very small size for xl product.,2
36,quÃ¡ lÃ  tá»‡ Ä‘Ã£ há»§y r láº¡i tá»« chá»‘i,1
37,Ão ngáº¯n vÃ  nhá»,2
38,ko giá»‘ng láº¯m,1
39,Ä‘áº·t sÆ¡ mi giao Ã¡o thun cÃ¡i chá»§ shop lá»“n,1
40,ao may gi bi loi o 2 canh tay ma ko ra gi ca te wa 1 sao di,1
41,KÃ­ch cá»¡:khÃ´ng Ä‘Ãºng size,2
42,cháº¥t lÆ°á»£ng quÃ¡ tá»‡,1
43,,1
44,,2
45,,2
46,,1
47,,1
48,,1
49,,1
50,,1
51,,1
52,,1
53,,2
54,,1
55,,1
56,Ä‘áº·t 3 sáº£n pháº©m mÃ  chá»‰ giao cÃ³ 1sáº£n pháº©m,1
57,ğŸ”‹Thá»i lÆ°á»£ng pin:nÃ³i dung 5 tiáº¿ng xÃ i 15 phÃºt,1
58,Something inside the fan came loose and it doesnt work. Bad construction I didnt damage it.,1
59,"Ä‘á»¥ máº¹ tá»¥ bÃ¢y bá»n lazada khá»‘n kiáº¿p. láº§n Ä‘áº§u ta Ä‘áº·t thÃ¬ cá»© cho lÃ  Ä‘áº·t nháº§m. láº§n sau tao Ä‘Ã£ chat rá»“i, cÅ©ng giao thá»© cÅ© tá»•ng cá»™ng 7 chai...tao cÃ³ thá»ƒ vá»©t. nhÆ°ng lÆ°Æ¡ng tÃ¢m bá»n mÃ y tá»« nay trá»Ÿ Ä‘i sáº½ vÄ©nh viá»…n khÃ´ng yÃªn.",2
60,giao hÃ ng nhanh bao bÃ¬ Ä‘áº¹p... nhÆ°ng khi khui ra thÃ¬ náº¯p ná»©t vá»¡ cháº¡y nÆ°á»›c tÃ¹m lum,2
61,hÃ ng bá»‹ vá»¡,1
62,á»§a sao tui chÆ°a nháº­n Ä‘Æ°á»£c hÃ ng mÃ  Ä‘Ã£ giao thÃ nh cÃ´ng váº­y shop á»§a lÃ m Äƒn gÃ¬ kÃ¬ váº­y trá»i,1
63,â³Äá»™ bá»n:táº§m 2 3 tiáº¿ng,2
64,giao thÃ­u hÃ ng Ä‘á»c tin ko pháº£n há»“i khÃ¡ch,1
65,"ğŸŒ¸MÃ¹i hÆ°Æ¡ng:hÃ ng khÃ´ng cháº¥t lÆ°á»£ng, mÃ¹i hÆ°Æ¡ng khÃ´ng lÆ°u láº¡i quÃ¡ 5 phÃºt, sáº£n pháº©m mang láº¡i sá»± tháº¥t vá»ngâ€¦â€¦",1
66,â³Äá»™ bá»n:mÃ¹i hÆ°Æ¡ng khÃ´ng thÆ¡m,2
67,khÃ´mg cÃ³ tháº¥y Ä‘Æ¡n hÃ ng,1
68,Ko nháº­n Ä‘c hÃ ng,1
69,ToÃ n mÃ¹i cá»“n,1
70,KhÃ´ng thÆ¡m,1
71,ko thÆ¡m,2
72,mua com bá»‹ pha trá»™n láº¡i Ã¡ nm tui combo vs má»™t trai riÃªng chai giao vá» mÃ u Ä‘áº­m thÆ¡m hÆ¡n cÃ²n chia bÃªn combo mÃ u nháº¡t Ã­t thÆ¡m mÃ¹i k lÆ°u hÆ°Æ¡ng lÃ¢u,2
73,ko Ä‘Ã¡ng Ä‘á»ƒ mua hÃ ng giáº£ thua mÃ¹i xÃ  phÃ²ng rá»­a tay náº¯p Ä‘áº­y tá»‡ iiii,1
74,quÃ¡ lÃ  oce luÃ´n em oiiiiiiiiiiiiiiiiiiiiÃ¬iiiiiiiiiiiiiiiiiiiiiiiiiiiiiiiiiiiiiidjrjrjrjtjtjtjtutritittitututturururirurirririei4iiriruriturritirurhrjrurututu5u5Ãºt iei38xh38dh38h 8hd8biv ehdehd 38cr18eiv3ix d eğŸ˜„ğŸ‚yggvdgduwv7wxv2i2vdiseuvxuwxvuebxeixbiebziezb3ubzi3biezbiexwibxuebeuxuexe7bx47bx74xbu3x6337vx73vxeucx37xv47g37vx73x83vx3ibiexkeveievrxrvxurbx7Ãªivxueeixbieeurdhfhfhfhdhdhdgdhdhdhdyfhfhfydyfhfydydyeu xxxeieixiexie Ã¨o eoboeiebircirbcribribiriebir 9bğŸ˜”jjs idburbx7hehubxe7ebceuec4cbc484b4xÄ©54bcuehfdhfhfhfhfhghfgugggfhjggjgjfhghgguchvjhhufutuugujttuuttutuutututurhrhhrfuutuffhfufutggfuggujhhrrvr7ricibicbibicibihbibiibbbicrrciebccircirbhvc7ihvchuthvh85hbv5hcuh4c5c85h85hc85hcuhh75hc5i5c74gf75f74jc5im84n85n7555j8575fn85n58mf85m58n85ffn85n58fm58f5k8kfi5n58cticicn85n59tctcn8tn5c8tcntcct8ntcit itifjfjfudu rá»‰c8rctnrcirnti tintitn Ã­t. ncjfjchfhhfhhfhfhfhfhfbdbhdhrhrfbhthfhfhcjghghtjgjuuguguur9á»‰h84h48nci4ci5nc4icb845cn58bf4iheurututur7r8r8ruufurir8riiririrururururueurururufyfufu7fcuchghfugugufhfufhfjffbfhcvchchdh,2
75,2chai mÃ u há»“ng vá»›i cam mua thÃªm chai mÃ u tÃ­m gjao thÃªm mÃ u há»“ng k cÃ³ mÃ u kia thÃ¬ thÃ´i lÃ m Äƒn máº¥t uy tÃ­n het,1
76,MÃ¹i hÆ°Æ¡ng:khÃ´ng thÆ¡m gÃ¬ háº¿t tá»‡ quÃ¡,2
77,"ğŸŒ¸MÃ¹i hÆ°Æ¡ng:gá»›m.nhÆ° cl, cho háº¿t 5 lá» vÃ o sá»c rÃ¡c háº¿t rá»“i",1
78,MÃ¹i hÆ°Æ¡ng:Ná»“ng khÃ´ng thÆ¡m,1
79,MÃ¹i hÆ°Æ¡ng:há»£p,1
80,thÆ¡m Ã¡ chá»‰ lÃ  chá» hÃ ng hÆ¡i lÃ¢u thui,1
81,mÃ¹i k thÆ¡m ngá»­i muá»‘n cháº¡y rá»“i bá» tay,1
82,cÃ³ nháº­n Ä‘Æ°á»£c sáº£n pháº«m gÃ¬ Ä‘Ã¢u mÃ  Ä‘Ã¡nh giÃ¡?,1
83,SP ráº¥t tá»‘t mui huong rá»ƒ chá»‹u lÃ¢u bay mÃ¹i,1
84,mÃ¹i cÅ©ng thÆ¡m táº¡m Ä‘c nhÆ°ng náº¯p chai thÃ¬ k ok nha,2
85,shop giao hÃ ng nhanh sp tá»‡ mÃ¹i ráº¥t khá»§ng,1
86,HÃ ng quÃ¡ tá»‡ khÃ´ng thÆ¡m. chia tay nhÃ©!,1
87,MÃ¹i hÆ°Æ¡ng:khÃ´ng thÆ¡m gÃ¬ ht ğŸ˜¢,2
88,Giá»¯ hÆ°Æ¡ng kÃ©m cÃ³ 30p bay háº¿t mÃ¹i,2
89,muÌ€i thÆ¡m Ãªm diÌ£u,1
90,quÃ¡ tá»‡,1
91,HÃ ng ko ok,1
92,ÄÃ¡ng tiá»nï¼š,1
93,hÃ ng ráº¥t tá»‘t,1
94,mÃ¹i Men quÃ¡,1
95,KhÃ´ng nhÆ° mÃ´ táº£,1
96,,1
97,,1
98,qwertyuiopasdfghjklzxcvbnmqwertyuiopasdfghjklzxcvbnmqwertyuiopasdfghjklzxcv,1
99,"nÆ°á»›c hoa khÃ´ng thÆ¡m nhÆ° shop khÃ¡c tÃ´i Ä‘Ã£ mua, mÃ¹i ká»³ nhÆ° cÃ³ mÃ¹i nhá»±a,haiz phÃ­ tiá»n sáº½ khÃ´ng mua ná»¯a",1
100,KhÃ´ng hÃ i lÃ²ng láº¯m vÃ¬ khÃ´ng xá»‹t Ä‘Æ°á»£c. NÃºt nÃ³ hÆ° rá»“i khÃ´ng xá»‹t ra Ä‘Æ°á»£c huhuh lÃ m sao xÃ i,2
101,giao sai hang k Ä‘Ãºng Ã½ lÃ m Äƒn Jd Ä‘ou ak Co moi cai ao cÃ¡ k giao Ä‘ung nx lÃ  sao jnnvghk kg dhjjdjdjvjkckfkfkfkkvkvkcjcjfjkfkckckckc,2
102,nÆ°á»›c hoa mÃ¹i ná»“ng quÃ¡,2
103,giao Ä‘áº§y Ä‘á»§ náº¯p chai k Ä‘Ã³ng Ä‘c gi het bi sá»©c ra r ğŸ˜©ğŸ˜©,2
104,"toÃ n nghe mÃ¹i cá»“n, khÃ´ng cÃ³ mÃ¹i thÆ¡m, hÃ¬nh áº£nh chá»‰ mang tÃ­nh cháº¥t nháº­n xu",2
105,"Ä‘áº·t chai mÃ u báº¡c, gá»­i cho mÃ u xanh ğŸ˜‘",2
106,"mÃ¹i quÃ¡ nháº¡t nháº½o, nhÆ° nÆ°á»›c lÃ£ pha thÃªm tÃ­ mÃ¹i, tháº¥y ráº» Ä‘áº·t thá»­ cho biáº¿t, ko mua láº¡i láº§n 2",1
107,hÃ ng giao nhanh nhÆ°ng chai nÆ°á»›c hoa bá»‹ Ä‘á»• gáº§n ná»­a há»™p Æ°á»›t háº¿t quÃ¡ tháº¥t vá»ng,1
108,"shop lá»«a Ä‘áº£o , xá»‹t má»™t hÆ¡i Ä‘áº§u thÃ¬ thÆ¡m , nhá»¯ng hÆ¡i sau cÃ³ mÃ¹i hÃ´i ráº¥t khÃ³ chá»‹u . Lá»«a Ä‘áº£o .",1
109,mÃ¬nh khÃ´ng thÃ­ch mÃ¹i cho láº¯m. mÃ¹i dÃ nh cho Ä‘Ã n Ã´ng thÃ´i áº¡ giao hÃ ng Ä‘Ãºng 7 ngÃ y luÃ´n. láº§n sau khÃ´ng cÃ²n mua ná»¯a,1
110,giao hÃ ng nhanh.nhÆ°ng shop giao bá»‹ bá»Ÿi cháº£y háº¿t rá»“i chÃª,1
111,MÃ¹i hÆ°Æ¡ng:Ä‘c,1
112,MÃ¹i thÆ¡m so vá»›i sá»‘ tiá»n thÃ¬ nÃªn mua nha mn,1
113,"ChÃª nha, náº¯p chai nÆ°á»›c hoa lÃµng lÃ©c , rá»‰ vÃ ng quanh náº¯p , nÆ°á»›c chÃ£y ra ngoÃ i Æ°á»›t háº¿t cÃ¡i há»™p trong láº«n ngoÃ i, mÃ¹i ná»“g k thÆ¡m",1
114,Giao hÃ ng bá»ƒ tan nÃ¡t,1
115,thÆ¡m nhÆ°ng k lÃ¢u chá»‹ Ä‘c khoáº£ng 2.3 giá» thÃ´i ...............................................,1
116,"Lazada vÃ  Samsung lÃ m Äƒn máº¥t dáº¡y. HoÃ n tráº£ hÃ ng trong tÃ¬nh tráº¡ng há»™p nguyÃªn seal, nguyÃªn bÄƒng keo, chÆ°a khui nhÆ° hÃ¬nh Ä‘Ã­nh kÃ¨m. Lazada Ä‘Ã£ nháº­n láº¡i hÃ ng Ä‘Æ°á»£c 2 tuáº§n nhÆ°ng khÃ´ng há»“i Ã¢m, khÃ´ng hoÃ n tiá»n trong khi sáº£n pháº©m cÃ³ chÃ­nh sÃ¡ch tráº£ hÃ ng do Ä‘á»•i Ã½.",1
117,"Ahamove (AHM) ráº¥t tá»‡. ÄÆ¡n giao trong ngÃ y nhÆ°ng khÃ´ng giao. Khi Ä‘Æ¡n trá»… 2 ngÃ y, khÃ¡ch pháº£n Ã¡nh vá»›i Laz thÃ¬ AHM gian dá»‘i báº±ng cÃ¡ch Ä‘áº·t shipper áº£o, sá»‘ Ä‘t khÃ´ng thá»ƒ liÃªn láº¡c vÃ  treo tÃ¬nh tráº¡ng Ä‘ang giao thÃªm 1.5 ngÃ y ná»¯a sau Ä‘Ã³ báº¯t khÃ¡ch Ä‘áº¿n táº­n kho nháº­n hÃ ng náº¿u khÃ´ng thÃ¬ sau Táº¿t má»›i giao Lazada nÃªn Ä‘á»•i Ä‘á»‘i tÃ¡c khÃ¡c uy tÃ­n hÆ¡n",1
118,Tráº£i nghiá»‡m ngÆ°á»i dÃ¹ng ráº¥t kÃ©m: cáº£m biáº¿n vÃ¢n tay khÃ´ng thá»ƒ dÃ¹ng cho App ngÃ¢n hÃ ng dÃ¹ xa & cÃ i Ä‘áº·t vÃ¢n tay nhiá»u láº§n. Má»Ÿ khÃ³a báº±ng hÃ¬nh áº£nh chá»‰ dÃ¹ng khi unlock Ä‘iá»‡n thoáº¡i. Mua Ä‘iá»‡n thoáº¡i má»›i nhÆ°ng láº¡i tiáº¿p tá»¥c dÃ¹ng cÃ¡c app quan trá»ng nhÆ° ngÃ¢n hÃ ng VNEID trÃªn IPhone 11 ğŸ˜£,2
119,,1
120,,1
121,ğŸ”‹Thá»i lÆ°á»£ng pin:nÃ³i dung 5 tiáº¿ng xÃ i 15 phÃºt,1
122,Something inside the fan came loose and it doesnt work. Bad construction I didnt damage it.,1
123,shop lÃ  Äƒn áº©u táº£ Ä‘áº·t 2 chiáº¿u 1m6x1m8 chá»‰ giao cÃ³ 1 cÃ¡i nháº¯n tin khÃ´ng tráº£ lá»i Ä‘Ã£ cho shop 1 ngÃ y Ä‘á»ƒ xá»­ lÃ­ mÃ  shop im luÃ´n khÃ´ng giao láº¡i hay hoÃ n tiá»n luÃ´n Ã  ráº¥t máº¥t uy tÃ­n,1
124,"mua chiáº¿u lÃ³t lá»¥a mÃ  giao loáº¡i khÃ´ng lÃ³t lá»¥a. viá»n thÃ¬ cáº¯t may cong quáº¹o ko tháº³ng. tháº¥t vá»ng, quÃ¡ tháº¥t vá»ng.",2
125,"shop khg cÃ³ uy tÃ­n. Ä‘Ã£ giao khg Ä‘Ãºng hÃ ng. MÃ¬nh Ä‘áº·t 1,2m loáº¡i dÃ y mÃ  shop giao hÃ ng má»ng. tháº­t lÃ  tháº¥t vá»ng quÃ¡ Ä‘i 1",2
126,Ä‘áº·t loáº¡i lÃ³t lá»¥a 3d mÃ  giao loáº¡i thÆ°á»ng má»ng tanh. chÃ¡n,2
127,kÃ­ch thÆ°á»›c khÃ´ng Ä‘Ãºng,1
128,giao thiáº¿u hÃ ng nháº¯n tin shop khÃ´ng xá»­ lÃ­ mÃ  trá»‘n luÃ´n,1
129,"chiáº¿u má»ng mua vÃ¨ má»›i má»Ÿ ra sá»­ dá»¥ng thÃ¬ bung nhiá»u chá»•, tháº¥t vá»ng",2
130,"tÃ´i Ä‘áº·t 1,4m ngang, nhÆ°ng giao 1m ngang,sai rá»“i",1
131,"mua 1m x 1,9 mÃ  giao cÃ¡i loáº¡i to chÃ  bÃ¡, sai kÃ­ch thÆ°á»›c",1
132,,1
133,,1
134,,2
135,,1
136,ğŸ”‹Thá»i lÆ°á»£ng pin:nÃ³i dung 5 tiáº¿ng xÃ i 15 phÃºt,1
137,Something inside the fan came loose and it doesnt work. Bad construction I didnt damage it.,1
138,"hÃ ng cháº¥t lÆ°á»£ng, ráº»,giao hÃ ng nhanh, Ä‘Ã³ng gÃ³i OK, nÃ³i chung hÃ i lÃ²ng.",1
139,,2
140,,2
141,,1
142,"the mug leaks in two places, no matter how hard I screw it, bad mug, I'm returning it Don't buy this mug it leaks! Äá»«ng mua cÃ¡i cá»‘c nÃ y vÃ¬ nÃ³ bá»‹ rÃ² rá»‰ Ğ½Ğµ Ğ¿Ğ¾ĞºÑƒĞ¿Ğ°Ğ¹Ñ‚Ğµ ÑÑ‚Ñƒ ĞºÑ€ÑƒĞ¶ĞºÑƒ Ğ¾Ğ½Ğ° Ğ¿Ñ€Ğ¾Ñ‚ĞµĞºĞ°ĞµÑ‚",1
143,"sao cá»­a hÃ ng xÃ¡c nháº­n mÃ u xanh rÃªu rÃµ rÃ ng rá»“i gá»Ÿi cÃ¡i mÃ u tráº¯ng kÃ¬ váº­y, mÃ¬nh Ä‘Ã£ cÃ³ cÃ¡i mÃ u tráº¯ng rá»“i, mau dÆ¡ nÃªn sáºµn cÃ³ km táº·ng mÃ u xanh rÃªu má»›i chá»‘t deal mÃ  giao mÃ u tráº¯ng ná»¯a, cá»­a hÃ ng cho mÃ¬nh Ä‘á»•i láº¡i Ä‘i chá»© xÃ¡c nháº­n mÃ u nÃ y giao mÃ u kia kÃ¬ váº­y",1
144,"mua shop lazmall mÃ  khÃ´ng há» uy tÃ­n, tÆ°á»Ÿng láº§n má»™t ngon láº§n hai giao cho cÃ¡i bá»c nhá» xÃ­u, cá»‘c cÃ²n khÃ´ng vá»«a nÃ³i gÃ¬ mÃ¡y tÄƒm nÆ°á»›c",1
145,sho lÃ m Äƒn chÃ¡n mua sp mÃ  gá»­i cho cÃ¡i gÃ¬ k biáº¿t ná»¯a láº¡i pháº£i tráº£ hÃ ng hoÃ n tiá»n máº¥t bao thá»i gian,1
146,HÃ ng kiá»ƒu dÃ¡ng thÃ¬ Ä‘áº¹p tháº­t. NhÆ°ng hÃ¬nh áº£nh Ä‘Äƒng táº£i vÃ  hÃ ng tháº­t rÃµ rÃ ng khÃ¡c háº³n nhau. MÃ u be khÃ´ng pháº£i tráº¯ng nhÆ° Ä‘Äƒng táº£i. Há»i nhÃ¢n viÃªn chÄƒm sÃ³c KH thÃ¬ tráº£ lá»i do gÃ³c chá»¥p. á»¦a sao ngÆ°á»i mua khÃ¡c Ä‘Äƒng táº£i lÃªn bÃ¬nh luáº­n lÃ  mÃ u tráº¯ng mÃ  tÃ´i mua láº¡i lÃ  mÃ u be. TÃ´i Ä‘Ã¢u cÃ³ mÃ¹ mÃ u Ä‘Ã¢u.,1
147,"bÃ¡n sp giáº£m giÃ¡ tiáº¿c hay sao mÃ  láº§n Ä‘áº§u Ä‘áº·t tá»± há»§y Ä‘Æ¡n ngÆ°á»i ta, láº§n 2 cá»‘ tÃ¬nh giao sai mÃ u cho khÃ¡ch tráº£ láº¡i Ä‘á»ƒ dÃ nh bÃ¡n tiáº¿p hay j Ã¡, Ä‘áº·t cho ng giÃ  mÃ u rÃªu giao nguyÃªn cÃ¡i mÃ u há»“ng cho em bÃ© hay j",1
148,"Giao sai mÃ u, MÃ¬nh Ä‘áº·t 2 cÃ¡i tráº¯ng. YeÃªu cáº§u Ä‘á»•i hÃ ng",1
149,NhÃ¢n viÃªn shop Ä‘Ã³ng thiáº¿u cá»‘c giá»¯ nhiá»‡t â€œ máº·c dÃ¹ â€œ khi xÃ¡c nháº­n Ä‘Æ¡n hÃ ng KhÃ¡ch Ä‘Ã£ nháº¥n máº¡nh Ä‘áº¿n viá»‡c Ä‘Ã³ng cá»‘c giá»¯ nhiá»‡t. MÃ  Ä‘Ã£ thiáº¿u hÃ ng thÃ¬ lÃ m gÃ¬ biáº¿t sáº£n pháº©m sá»­ dá»¥ng nhÆ° tháº¿ nÃ o mÃ  Ä‘Ã²i KhÃ¡ch â€œÄ‘Ã¡nh vá»›i cháº£ giÃ¡ â€œ hic.,1
150,láº¥y mÃ u Ä‘á» mÃ  giao mÃ u xanh,2
151,chÆ°a nháº­n dc hÃ ng.,1
152,,1
153,,1
154,,2
155,,1
156,tiá»n nÃ o cá»§a náº¥y ko thÆ¡m chÃºt nÃ o nhá»›t nhÆ¡t sao Ã¡ cÃ¢n nhÄƒc khi mua,1
157,giá»›i thiá»‡u lÃ  cá»§a malaysia nhÆ°ng ko pháº£i,1
158,HÃ ng giáº£ mÃ¹i ráº¥t kÃ¬ nhá»›t nhá»›t k táº¡o bá»t mÃ¹i tanh k nÃªn mua mua 2 chai vá» k dÃ¡m xÃ i luÃ´n,1
1,bá»‹ ná»©t gÃ£y ğŸ˜¢ğŸ˜¢,3
2,Very poor quality. And I got the wrong item. Cheaper and smaller than I was ordered,3
3,ĞºÑ€Ğ¸Ğ²Ñ‹Ğµ Ğ´Ñ‹Ñ€ĞºĞ¸ Ğ´Ğ»Ñ Ğ³Ğ²Ğ¾Ğ·Ğ´ĞµĞ¹ Ğ±Ñ‹Ğ»Ğ¸ Ğ¸ ĞºÑ€Ğ°ÑĞºĞ° Ğ¿Ğ¾Ñ‚Ñ€ĞµÑĞºĞ°Ğ»Ğ°ÑÑŒ,3
4,ÄÃ¡ng tiá»n:,3
5,Ká»‡ káº­p kÃªnh. TrÃ³c sÆ¡n lem nhem.,3
6,"Dá»… dÃ ng láº¯p rÃ¡p vÃ  thÃ¡o gá»¡,",3
7,nho,3
8,Another Color Came,3
9,You get what you pay for,3
10,"Váº­y rá»“i sao gáº¯n máº¥t trÃªn Ä‘Æ°á»£c shop? KhÃ´ng cÃ³ lá»— khoan sáºµn. 1 miáº¿ng vÃ¡n cháº¯p vÃ¡. Giá»¯a cÃ¡c lá»— khÃ´ng ngÃ y nÃªn rÃ¡p vÃ´ khÃ´ng bá»‹ vÃªnh miáº¿ng vÃ¡n. ÄÃ³ng gÃ³i cháº¯c cháº¯n nhá»¯ng máº¥y cáº¡nh bá»‹ xÆ°á»›t nháº¹. HÃ ng khÃ´ng á»•n nÃªn trá»« shop 2 sao. Váº¥n Ä‘á» giao hÃ ng thÃ¬ quÃ¡ tá»‡. LiÃªn tiáº¿p 3 ngÃ y khÃ´ng há» nháº­n Ä‘Æ°á»£c cuá»™c gá»i nÃ o háº¿t mÃ  trÃªn há»‡ thá»‘ng Ä‘á»ƒ lÃ  khÃ´ng liÃªn láº¡c Ä‘Æ°á»£c vá»›i khÃ¡ch hÃ ng. PhÃ n nÃ n trá»±c tiáº¿p vá»›i Ä‘Æ¡n vi giao hÃ ng, 3 láº§n, tráº£ lá»i thÃ¬ ráº¥t dá»… thÆ°Æ¡ng, xin lá»—i nÃ y ná» nhÆ°ng cháº³ng giáº£i quyáº¿t Ä‘Æ°á»£c gÃ¬.",3
11,"1 vÃ i lá»— khoan ko chuáº©n, miáº¿ng gá»— cÅ©ng quÃ¡ yáº¿u, vá»«a váº·n á»‘c vÃ o lÃ  thÃ nh ra nhÆ° hÃ¬nh ğŸ˜‘",3
12,"sá»‘p giao 1 vÃ­t k sá»­ dá»¥ng Ä‘c vÃ  mÃ¬nh k chuáº©n bá»‹ cho viá»‡c lÃ  vÃ­t bá»‹ há»ng nÃªn k cÃ³ thay tháº¿, 1 lá»— khoan hoÃ n toÃ n lá»‡ch khá»i lá»— cÃ³ sáºµn k cÃ¢n báº±ng vá»›i nhau nÃªn k láº¯p Ä‘c vÃ­t vÃ o",3
13,"Mua 2 ká»‡. Giao 1 ká»‡ bá»‹ lá»—i. Vá»¡ cáº¡nh, bong trÃ³c cÃ¡c Ä‘áº§u vÃ¡n. NÃ y lÃ  vÃ¡n MDF phá»§ máº·t. GiÃ¡ ráº» nÃªn bÃ¬nh thÆ°á»ng .",3
14,HÃ ng nháº­n nhÆ° nÃ y,3
15,"nhÃ¬n thÃ¬ Ä‘áº¹p kiá»ƒu dÃ¡ng cÅ©ng Ä‘áº¹p nhÆ°ng hÃ ng hÆ¡i lá»ng láº»o, nhÆ°ng cháº¥t lÆ°á»£ng khÃ´ng tá»‘t láº¯m bÃ¹ láº¡i thÃ¡i Ä‘á»™ tá»‘t",3
16,Sáº£n pháº©m bÃ¬nh thÆ°á»ng,3
17,Má»ng tÃ¨ ChÃª,3
18,CÃ¡c táº¥m gá»— quÃ¡ má»ng nÃªn khi láº¯p bá»‹ tÃ©t náº¿u khÃ´ng cáº©n tháº­n. Náº¿u dÃ y 1cm thÃ¬ tá»‘t hÆ¡n,3
19,ká»‡ khÃ¡ Ä‘áº¹p vÃ  sáº½ cháº¯c cháº¯n hÆ¡n nÃªu shop cho kÃ¬nh Ä‘á»§ á»‘c Ä‘á»ƒ láº¯p :)),3
20,,3
21,,3
22,,3
23,,3
24,,3
25,,3
26,,3
27,,3
28,táº¡m á»•n nhÆ°ng kÃ­ch thÆ°á»›c khÃ¡ nhá» so vá»›i clip quáº£ng cÃ¡o 20x30x30. mn cÃ¢n nháº¯c ká»¹ trÆ°á»›c khi mua. giÃ¡ cao hÆ¡n so vá»›i cháº¥t lÆ°á»£ng,3
29,Gá»— má»ng. táº¡m Ä‘Æ°á»£c,3
30,"Xin phÃ©p trá»« 2*, 1* cho giao hÃ ng, 1* cho sp vÃ¬ bá»‹ sá»©t máº» vÃ  chÃºt lá»—i",3
31,"Ká»‡ nhá» hÆ¡n so vá»›i áº£nh nhiá»u mng nhÃ©, cÅ©ng khÃ´ng Ä‘Æ°á»£c tráº¯ng trÆ¡n Ä‘áº¹p nhÆ° trong hÃ¬nh Ä‘Ã¢u vÃ¬ cÃ²n cÃ³ lá»— Ä‘inh kháº¯p bÃªn dá»c sÆ°á»n. NÃ³i chung lÃ  â€œgá»—â€ cÃ´ng nghiá»‡p ráº» tiá»n, Ä‘á»±ng cÃ¡i gÃ¬ nháº¹ nháº¹ thÃ´i khÃ´ng lÃ  dá»… bá»‹ uá»‘n cong.",3
32,,3
33,,3
34,,3
35,nháº­n hÃ ng xong má»›i phÃ¡t hiá»‡n bá»‹ rÃ¡ch haizz.,3
36,Ã¡o sÆ¡ mi láº¡i thÃ nh Ã¡o phÃ´ng lÃ  sao ? bÃ¡n hÃ ng treo Ä‘áº§u dÃª bÃ¡n thá»‹t chÃ³ tháº¿ thÃ¬ Ä‘i tÃ¹ sá»›m thÃ´i.,3
37,"Ä‘á»“ ráº» tiá»n nÃªn cháº¥t lÆ°á»£ng cÅ©ng ráº». tiá»n nÃ o cá»§a Ä‘Ã³. tá»‘t nháº¥t nÃªn mua ngoÃ i cá»­a hÃ ng Ä‘á»ƒ táº­n máº¯t nhÃ¬n, sá» táº­n tay",3
38,"Vá»«a váº·n thoáº£i mÃ¡i vÃ  rá»™ng rÃ£i, Äá»™c Ä‘Ã¡o vÃ  báº¯t máº¯t, In Ä‘á»“ há»a sÃ¡ng táº¡o, TÃ¹y chá»n mÃ u tráº¯ng,",3
39,Kiá»ƒu dÃ¡ng:good,3
40,HÆ¡i má»ng vá»›i khÃ´ng giá»‘ng trong áº£nh láº¯m,3
41,no shipping updates. no communication from seller.,3
42,"cháº¥t váº£i Ã¡o quáº§n Ä‘á»u ko tá»‘t so vá»›i giÃ¡ mua, luoi chá»¥p nÃªn ko chá»¥p hinh",3
43,,3
44,,3
45,,3
46,,3
47,,3
48,,3
49,,3
50,,3
51,,3
52,cháº³ng tháº¥y hiá»‡u quáº£ jjj Ã½ cÆ¡ kem phake,3
53,,3
54,MÃ¹i khÃ´ng Ä‘Æ°á»£c thÆ¡m láº¯m,3
55,nÆ°á»›c hoa cÅ©ng thÆ¡m..... hÃ ng náº¯p Ä‘áº­y khÃ´ng kÃ­n....cá»© rÆ¡i náº¯p hoÃ i... ham ráº» thÃ¬ mua chÆ¡i,3
56,khÃ´ng giá»¯ Ä‘Æ°á»£c mÃ¹i. sáº£n pháº©m nhÃ¬n chai lá» Ä‘áº¹p máº¯t mÃ  cháº¥t lÆ°á»£ng k tá»‘t,3
57,ğŸŒ¸MÃ¹i hÆ°Æ¡ngï¼š,3
58,lá» nÆ°á»›c hoa háº¯n bá»‹ bá»ƒ cÃ²n Ä‘Æ°á»£c ná»¯a lá» ná»±a,3
59,cá»“n nhiá»u mÃ¹i thÆ¡m nháº¹ rats nÃ²ng nhÆ°ng ko thÆ¡m,3
60,nice,3
61,MÃ¹i hÆ°Æ¡ngï¼š Äá»™ lÆ°u hÆ°Æ¡ngï¼š,3
62,ÄÃ¡ng tiá»nï¼š,3
63,MÃ¹i hÆ°Æ¡ngï¼š,3
64,"mÃ¹i lÆ°u chÃ¡n quÃ¡,khÃ´ng thÆ¡m tháº¿ mÃ  nhiá»u ngÆ°á»i mua tháº¿. hay lÃ  thá»i gian trÆ°á»›c mua Ä‘Æ°á»£c lÆ°á»£ng tÆ°Æ¡ng tÃ¡c nÃªn cao váº­y. Ä‘áº¿n chá»‹u",3
65,hÃ ng táº¡m thÃ´i,3
66,MÅ©i ko thÆ¡m xá»‹t dÃ´ la máº¥t mÃ¹i lien buon cho 3 sao,3
67,mÃ¹i thÆ¡m ok mÃ  khÃ´ng dá»¯ Ä‘Æ°á»£c lÃ¢u,3
68,"Sá»± káº¿t há»£p Ä‘á»™c Ä‘Ã¡o cá»§a cÃ¡c hÆ°Æ¡ng hoa,",3
69,"MÃ¹i hÆ°Æ¡ng:ko thÆ¡m, mÃ¹i láº¡",3
70,KhÃ´ng thÆ¡m,3
71,ko lau,3
72,ok...kkkkkkkkkkkk,3
73,"NÃ³i tháº­t lÃ  chÃª nha,Ä‘áº§u tiÃªn lÃ  náº¯p lá» lá»ng láº»o,tiáº¿p theo lÃ  má»›i xá»‹t vÃ o thÃ¬ cÃ³ mÃ¹i thÆ¡m nháº¹ sau vÃ i phÃºt thÃ¬ ko thÆ¡m j lun,ko há» lÆ°u hÆ°Æ¡ng Ä‘Ã¢u nha mng nÃªn mng nÃªn lÆ°u Ã½ trc khi mua Ä‘á»«ng pháº¡m sai láº§m nhÆ° mk",3
74,Ä‘Ã³ng gÃ³i ok nhÆ°ng nc hoa ko thÆ¡m,3
75,chai há»“ng bá»‹ mÃ³p mÃ©o Æ°á»›t nhÃ©p luÃ´n náº¯p chai kboong khÃ­t. Máº¥y cÃ¡i cÃ²n láº¡i thÃ¬ ok,3
76,"mÃ¬nh khÃ´ng thÃ­ch mÃ¹i mÃ u xanh láº¯m, mÃ¹i ná»“ng vÃ  hÆ¡i khÃ³ chá»‹u. nhÆ°ng giao hÃ ng nhanh, vÃ  shop Ä‘Ã³ng gÃ³i cáº©n tháº­n",3
77,"Ä‘áº·t hÃ ng hÃ´m qua, hÃ´m nay giao ngoÃ i há»™p cÃ³ bao Ä‘Ã ng hoÃ ng chai mÃ u Ä‘en xá»‹t phun sÆ°Æ¡ng ko Ä‘Æ°á»£c ğŸ™‚",3
78,Great product with its price. Though the scent donâ€™t last. .,3
79,nÆ°á»›c hoa mÃ¹i cÃ³ thÆ¡m tÃ­ cÃ³ nÆ°á»›c nha táº¡i sp quÃ¡ ráº½ lÃ m sao thÆ¡m,3
80,MÃ¹i hÆ°Æ¡ng:táº¡m mÃ¬nh mua combo Ä‘en há»“ng mÃ  giao há»“ng vÃ ng táº¡m Ä‘Æ°á»£c,3
81,"HÃ ng Ä‘Ãºng nhÆ° hÃ¬nh áº£nh quáº£ng cÃ¡o, giÃ¡ ráº», mÃ¹i thÆ¡m dá»… chá»‹u, mÃ¹i lÆ°u khÃ´ng lÃ¢u- pha cá»“n nhiá»u.",3
82,"HÆ°Æ¡ng thÆ¡m nháº¹ ,lÆ°u hÆ°Æ¡ng 3-4h ,dÃ¹ng Ä‘Æ°á»£c á»Ÿ nhÃ  hoáº·c Ä‘i loanh quanh.",3
83,Äá»™ lÆ°u hÆ°Æ¡ng:Not much,3
84,"MÃ¹i hÆ°Æ¡ng:mÃ¬nh tháº¥y 2 mÃ¹i hao nhau, nhÆ°ng mÃ u Ä‘en ná»“ng hÆ¡n",3
85,mÃ¹i hÆ°Æ¡ng mÃ u Ä‘en thÃ¬ thÆ¡m nháº¹.mau Há»“ng mÃ¹i nhÆ° cá»“n z cháº£ giá»‘ng nÆ°á»›c hoa tÃ­ nÃ o,3
86,Tiá»n nÃ o cá»§a Ä‘Ã³ thÃ´i ğŸ˜€ğŸ˜€ thÃ¢y nhiá»u ngÆ°á»i khen quÃ¡ cháº¯c ngÆ°á»i cá»§a shop ğŸ¤£ğŸ¤£ thÃ´i mn ko nÃªn mua áº¡ ğŸ¤£/,3
87,hÆ¡i kÃ©m chÃºc moi thÆ¡m khÃ´ng tá»‘t,3
88,"MÃ¹i dá»… chá»‹u, mÃ u Ä‘en mÃ¹i hÆ¡i gáº¯t, ko giá»¯ Ä‘Æ°á»£c lÃ¢u láº¯m. Sáº£n pháº©m tÆ°Æ¡ng Ä‘á»‘i á»•n",3
89,táº¡m Ä‘c. mÃ¹i thÆ¡m nhÆ°ng ko lÆ°u hÆ°Æ¡ng,3
90,Sáº£n pháº©m phÃ¹ há»£p vá»›i giÃ¡ tiá»n. ThÆ¡m nhÆ°ng ko lÆ°u giá»¯ Ä‘k lÃ¢u.,3
91,thÆ¡m chá»‰ Ä‘Æ°á»£c ná»¯a tiáº¿ng thÃ´i,3
92,MÃ¹i hÆ°Æ¡ng:hong cÃ³ thÆ¡m,3
93,ThÆ¡m thoÃ¡ng qua thÃ´i chá»© khÃ´ng pháº£i thÆ¡m lÃ¢u,3
94,xá»‹t vÃ o vÃ²ng 15p lÃ  háº¿t nghe,3
95,gá»­i hÃ ng nhanh nhÆ°ng khÃ´ng biáº¿t lÃ  mÃ¹i thÆ¡m giá»¯ lÃ¢u ko ná»¯a,3
96,quÃ¡ thÆ¡m mÃ  cÃ²n ráº» ná»¯a,3
97,Ä‘áº·t 2chai mÃ  shop giao cÃ³ 1 chai:( hÆ¡i tháº¥t vá»ng,3
98,mÃ¹i ko thÆ¡m,3
99,"mÃ¹i hÆ¡i ná»“ng, náº¯p chai lá»ng láº»o",3
100,khÃ´ng thÆ¡m láº¯m mÃ¹i hÆ¡i háº¯c ğŸ˜¢,3
101,nÃ³i zá» hÃ¬nh thá»©c thÃ¬ nhÃ¬n cÃ³ váº» gá»n gÃ ng cÃ²n cháº¥t lÆ°á»£ng sáº£n pháº©m(mÃ¹i hÆ°Æ¡ng)thÆ¡m nha má»i ngÆ°á»i vá»›i giÃ¡ tiá»n Ä‘Ã³ thÃ¬ cÃ³ thá»ƒ gá»i lÃ  Ä‘Ã¡ng tiá»n nha,3
102,mÃ¹i mÃ u Ä‘Ãªn hÆ¡i sáº·c ná»“ng mÃ u váº±ng mÃ¹i nháº¡t nnfnf fbfnfnfnnfncncncncnfnfnc,3
103,ko nghÄ© lá» bÃ© tháº¿.nÃ³i 50ml mÃ  gá»­i láº¡i 30 ml.bÃ¡n hÃ ng ko cÃ³ tÃ¢. cÃ²n mÃ¹i thÃ¬ thÆ¡m lÃ¢u,3
104,MÃ¹i hÆ°Æ¡ng:cÅ©ng ok,3
105,"Nuoc hoa luu huong nhu mot con gio ......, tien nao cua do thoi ...",3
106,"mÃ¹i khÃ´ng Ä‘c thÆ¡m xá»‹t cá»¡ 2,3p lÃ  bay háº¿t mÃ¹i",3
107,giao hÃ ng bá»‹ vá»¡ má»™t lá». gÃ³i hÃ ng khÃ´ng kÄ© cho shop 3,3
108,cÃ¡i mÃ¹i nÃ³ kÃ¬ láº¯m nhÆ° cÃ¡i mÃ¹i dáº§u gá»™i Ã­t men Ã½ nhÆ°ng Ä‘Æ°á»£c cÃ¡i shop Ä‘á»‘ng gÃ³i ok,3
109,"nuoc hoa mui j ki,thay danh gia la thom lam,mua ve thi ngui nhuc dau muon chet",3
110,mÃ¹i lÆ°u hÆ°Æ¡ng ko lÃ¢u,3
111,"mÃ¹i cÅ©ng thÆ¡m , nhÆ°ng hÆ¡i ná»“ng",3
112,Ã¡aaaaaaaaaaaaaaaaaaÃ Ã aaaaaaaaaaaaaaaaaaaaaaaaaaaaaaaaaaaaaaaaaaaaaaaaaaaaaaaaaaaaaachuwa j Ä‘Ã£ bay mÃ¹i nhanh chÃ³g,3
113,chai bÃ© hÆ¡n so vá»›i hÃ¬nh áº£nh mÃ¹i hÆ°Æ¡ng bÃ¬nh thÆ°á»ng nÃ³i chung táº§m giÃ¡ nÃ y thÃ¬ cÅ©ng khÃ´ng Ä‘Ã²i há»i Ä‘Æ°á»£c,3
114,ko thÆ¡m na,3
115,mÃ¹i hÆ¡i ná»“ng,3
116,nÆ°á»›c hoa khong giá»¯ mÃ¹i lÃ¢u,3
117,cÅ©ng thÆ¡m,3
118,Dáº§u dá»m,3
119,táº¡m á»•n,3
120,,3
121,,3
122,,3
123,,3
124,,3
125,,3
126,,3
127,,3
128,,3
129,.mÃ¹i thÃ¬ náº·ng nhÆ° ba tÃ´i SÃ i ship thÃ¬ ship vÃ o buá»•i sÃ¡ng dáº­y tháº¥y má»¥ ná»™i,3
130,bay mÃ¹i nhanh k nÃªn mua,3
131,Táº¡m,3
132,"khÃ´ng Ä‘c lÆ°u hÆ°Æ¡ng lÃ¢u láº¯m,cháº¯c tiá»n nÃ o cá»§a Ä‘áº¥y thÃ´i",3
133,ÄÃ¡ng tiá»n:,3
134,MÃ¹i thÆ¡m nhÆ°ng k nhÆ° mÃ´ táº£,3
135,Xá»ŠT LÃŠN Táº¦M 10 PHÃšT LÃ€ BAY Háº¾T LUÃ”N.,3
136,nÆ°á»›c hoa giá»¯ mÃ¹i k lÃ¢u,3
137,ÄÃ¡ng tiá»nï¼šá»•n MÃ¹i hÆ°Æ¡ngï¼šmÃ¹i hÆ°Æ¡ng ko Ä‘Æ°á»£c lÃ¢u Äá»™ lÆ°u hÆ°Æ¡ngï¼šbÃ¬nh thÆ°Æ¡ng,3
138,thÆ¡m dá»… chá»‹u mÃ  giá»¯ huong khÃ´ng lÃ¢u,3
139,"MÃ¹i hÆ°Æ¡ng:RiÃªng mÃ¹i thÃ¬ mÃ¬nh tháº¥y mÃ¹i nÃ y hÆ¡i Ä‘áº¡i trÃ , khÃ´ng cÃ³ gÃ¬ Ä‘áº·c sáº¯c láº¯m. CÃ²n láº¡i tá»‘t!",3
140,MÃ¹i hÆ°Æ¡ng:bt,3
141,MÃ¹i hÆ°Æ¡ng:mÃ¹i hÆ°Æ¡ng ok,3
142,ÄÃ¡ng tiá»n:,3
143,"huheo mÃ¹i oke nhÆ°ng mÃ  náº¯p lá»ng quÃ¡ mik má»›i vá»«a má»Ÿ hÃ ng cÃ¡i náº¯p liá»n rÆ¡i ra , mong kháº¯c phá»¥c áº¡ ğŸ¥²",3
144,giÃ¡o hÃ ng nhanh ok,3
145,mui hÆ°Æ¡ng thÆ¡m nháº¹ .xá»©ng Ä‘Ã¡ng vá»›i giÃ¡ tiÃªn nÃ o háº¿t quay láº¡i á»§ng shop tiáº¿p,3
146,"mau bay mÃ¹i, vá»«a xá»‹t xong chÆ°a Ä‘Æ°á»£c 1phut háº¿t sáº¡ch mÃ¹i.",3
147,MÃ¹i hÆ°Æ¡ng:táº¡m Ä‘c,3
148,"náº¯p Ä‘áº­y lá»ng , khÃ´ng giá»¯ Ä‘Æ°á»£c mÃ¹i hÆ°Æ¡ng lÃ¢u",3
149,ko vá» Ä‘Ãºng mÃ¹i,3
150,hang ko cÃ³ mui gi het,3
151,ÄÃ¡ng tiá»nï¼š,3
152,mÃ¹i ná»“ng hong thÆ¡m máº¥y,3
153,"Theo mÃ¬nh tháº¥y thÃ¬ tiá»n nÃ o cá»§a áº¥y thÃ´i,má»Ÿ ra xá»‹t thá»­ tháº¥y háº¯c láº¯m ko Ä‘c thÆ¡m vÃ  mÃ¹i cÅ©ng ná»“ng láº¯m",3
154,nÃ³i dÃ y mÃ  má»ng,3
155,,3
156,,3
157,,3
158,,3
159,,3
160,"hÃ ng giao nhanh, Ä‘Ã³ng gÃ³i ká»¹, dÃ¹ng ráº¥t ok, nhÃ¢n viÃªn giao hÃ ng thÃ¢n thiá»‡n, táº·ng shoo 5 sao",3
161,"Giao hÃ ng rÃ¢t lÃ¢u táº­n 8ngÃ y, cáº£m giac mua trong nÆ°Æ¡c nhÆ°ng nháº­n hÃ ng thÃ¬ nhÆ° mua tá»« nÆ°Æ¡c ngoÃ i",3
162,sáº£n pháº©m bá»‹ Tráº§y xÆ°á»›c nhiá»u,3
163,cháº¥t lÆ°á»£ng máº«u mÃ£ Ä‘áº¹p giÃ¡ há»™p lÃ½ láº§n sau á»§ng há»™ tiáº¿p,3
164,Nhanh hÆ° quÃ¡,3
165,,3
166,,3
167,,3
168,,3
169,"cá»‘c khuyáº¿n mÃ£i, nhÃ¬n á»•n, dÃ¹ng theo tÄƒm nÆ°á»›c, pin mÃ¡y sáº¡c ba láº§n lÃ  chai khÃ´ng vÃ o ná»¯a. gá»­i báº£o hÃ nh khÃ³.",3
170,HÃ¬nh thá»©c ly giá»¯ nhiá»‡t khÃ¡ Ä‘áº¹p nhÆ°ng khÃ´ng Ä‘Ãºng Inox 304 nhÆ° cÃ´ng bá»‘ vÃ¬ NAM CHÃ‚M váº«n hÃ­t máº¡nh ( mÃ¬nh cÃ³ Ä‘á»ƒ cá»¥c nam chÃ¢m Ä‘á»ƒ thá»­ trong ly). Theo mÃ¬nh chá»‰ Xá»©ng vá»›i 3 * thÃ´i. HÃ ng hiá»‡u nhÆ°ng cÃ´ng bá»‘ khÃ´ng chÃ­nh xÃ¡c.,3
171,"cháº¡y kÃªu quÃ¡ to so vá»›i cÃ¡c hÃ£ng khÃ¡c tem niÃªm phong giáº¥y dÃ¡n, khÃ´ng cÃ³ kháº£ nÄƒng chá»‘ng nÆ°á»›c sáº½ rÃ¡ch, bong, má»§n, máº¥t trong vÃ i ngÃ y =&gt; báº£o hÃ nh khÃ´ng cÄƒn cá»© , rui ro cho KH",3
172,"BiÌ€nh biÌ£ moÌp, nÄƒÌp coÌ vÃªÌt nÆ°Ìt. NÃªÌu viÌ€ laÌ€ haÌ€ng tÄƒÌ£ng keÌ€m khi mua maÌy sÆ°Ìƒa haÌ£t maÌ€ choÌ£n haÌ€ng lÃ´Ìƒi gÆ°Ì‰i cho khaÌch thiÌ€ miÌ€nh cuÌƒng ko biÃªÌt noÌi giÌ€ hÆ¡n.",3
173,"Giá»¯ nhiá»‡t cÅ©ng táº¡m táº¡m thÃ´i, m cho nÆ°á»›c nÃ³ng 98 Ä‘á»™ vÃ o lÃºc 1h Ä‘Ãªm, sÃ¡ng 9h tháº¥y báº±ng nhiá»‡t Ä‘á»™ phÃ²ng, ko cÃ²n Ä‘á»™ áº¥m",3
174,"Sáº£n pháº©m tá»‘t,dá»ƒ sá»­ dá»¥ng",3
175,giao sai sáº£n pháº©m,3
176,giao ko Ä‘Ãºng máº«u mÃ¹i ko thÆ¡m,3
177,hÃ ng kÃ©m cháº¥t lÆ°á»£ng,3
178,ko thom,3
179,"sá»¯ táº¯m giao Ä‘Ãºng háº¡n, váº­n chuyá»ƒn cáº©n tháº­n kh mÃ³p mÃ³.Tuy nhiÃªn, khi sá»­ dá»¥ng ráº¥t Ã­t bá»t, táº¯m xong cÅ©ng kh cÃ²n thÆ¡m.",3
338,"the mug leaks in two places, no matter how hard I screw it, bad mug, I'm returning it Don't buy this mug it leaks! Äá»«ng mua cÃ¡i cá»‘c nÃ y vÃ¬ nÃ³ bá»‹ rÃ² rá»‰ Ğ½Ğµ Ğ¿Ğ¾ĞºÑƒĞ¿Ğ°Ğ¹Ñ‚Ğµ ÑÑ‚Ñƒ ĞºÑ€ÑƒĞ¶ĞºÑƒ Ğ¾Ğ½Ğ° Ğ¿Ñ€Ğ¾Ñ‚ĞµĞºĞ°ĞµÑ‚",1
339,"cá»‘c khuyáº¿n mÃ£i, nhÃ¬n á»•n, dÃ¹ng theo tÄƒm nÆ°á»›c, pin mÃ¡y sáº¡c ba láº§n lÃ  chai khÃ´ng vÃ o ná»¯a. gá»­i báº£o hÃ nh khÃ³.",3
340,HÃ¬nh thá»©c ly giá»¯ nhiá»‡t khÃ¡ Ä‘áº¹p nhÆ°ng khÃ´ng Ä‘Ãºng Inox 304 nhÆ° cÃ´ng bá»‘ vÃ¬ NAM CHÃ‚M váº«n hÃ­t máº¡nh ( mÃ¬nh cÃ³ Ä‘á»ƒ cá»¥c nam chÃ¢m Ä‘á»ƒ thá»­ trong ly). Theo mÃ¬nh chá»‰ Xá»©ng vá»›i 3 * thÃ´i. HÃ ng hiá»‡u nhÆ°ng cÃ´ng bá»‘ khÃ´ng chÃ­nh xÃ¡c.,3
341,"cháº¡y kÃªu quÃ¡ to so vá»›i cÃ¡c hÃ£ng khÃ¡c tem niÃªm phong giáº¥y dÃ¡n, khÃ´ng cÃ³ kháº£ nÄƒng chá»‘ng nÆ°á»›c sáº½ rÃ¡ch, bong, má»§n, máº¥t trong vÃ i ngÃ y =&gt; báº£o hÃ nh khÃ´ng cÄƒn cá»© , rui ro cho KH",3
342,"BiÌ€nh biÌ£ moÌp, nÄƒÌp coÌ vÃªÌt nÆ°Ìt. NÃªÌu viÌ€ laÌ€ haÌ€ng tÄƒÌ£ng keÌ€m khi mua maÌy sÆ°Ìƒa haÌ£t maÌ€ choÌ£n haÌ€ng lÃ´Ìƒi gÆ°Ì‰i cho khaÌch thiÌ€ miÌ€nh cuÌƒng ko biÃªÌt noÌi giÌ€ hÆ¡n.",3
343,"sao cá»­a hÃ ng xÃ¡c nháº­n mÃ u xanh rÃªu rÃµ rÃ ng rá»“i gá»Ÿi cÃ¡i mÃ u tráº¯ng kÃ¬ váº­y, mÃ¬nh Ä‘Ã£ cÃ³ cÃ¡i mÃ u tráº¯ng rá»“i, mau dÆ¡ nÃªn sáºµn cÃ³ km táº·ng mÃ u xanh rÃªu má»›i chá»‘t deal mÃ  giao mÃ u tráº¯ng ná»¯a, cá»­a hÃ ng cho mÃ¬nh Ä‘á»•i láº¡i Ä‘i chá»© xÃ¡c nháº­n mÃ u nÃ y giao mÃ u kia kÃ¬ váº­y",1
344,"mua shop lazmall mÃ  khÃ´ng há» uy tÃ­n, tÆ°á»Ÿng láº§n má»™t ngon láº§n hai giao cho cÃ¡i bá»c nhá» xÃ­u, cá»‘c cÃ²n khÃ´ng vá»«a nÃ³i gÃ¬ mÃ¡y tÄƒm nÆ°á»›c",1
345,sho lÃ m Äƒn chÃ¡n mua sp mÃ  gá»­i cho cÃ¡i gÃ¬ k biáº¿t ná»¯a láº¡i pháº£i tráº£ hÃ ng hoÃ n tiá»n máº¥t bao thá»i gian,1
346,HÃ ng kiá»ƒu dÃ¡ng thÃ¬ Ä‘áº¹p tháº­t. NhÆ°ng hÃ¬nh áº£nh Ä‘Äƒng táº£i vÃ  hÃ ng tháº­t rÃµ rÃ ng khÃ¡c háº³n nhau. MÃ u be khÃ´ng pháº£i tráº¯ng nhÆ° Ä‘Äƒng táº£i. Há»i nhÃ¢n viÃªn chÄƒm sÃ³c KH thÃ¬ tráº£ lá»i do gÃ³c chá»¥p. á»¦a sao ngÆ°á»i mua khÃ¡c Ä‘Äƒng táº£i lÃªn bÃ¬nh luáº­n lÃ  mÃ u tráº¯ng mÃ  tÃ´i mua láº¡i lÃ  mÃ u be. TÃ´i Ä‘Ã¢u cÃ³ mÃ¹ mÃ u Ä‘Ã¢u.,1
347,"bÃ¡n sp giáº£m giÃ¡ tiáº¿c hay sao mÃ  láº§n Ä‘áº§u Ä‘áº·t tá»± há»§y Ä‘Æ¡n ngÆ°á»i ta, láº§n 2 cá»‘ tÃ¬nh giao sai mÃ u cho khÃ¡ch tráº£ láº¡i Ä‘á»ƒ dÃ nh bÃ¡n tiáº¿p hay j Ã¡, Ä‘áº·t cho ng giÃ  mÃ u rÃªu giao nguyÃªn cÃ¡i mÃ u há»“ng cho em bÃ© hay j",1
348,"Giá»¯ nhiá»‡t cÅ©ng táº¡m táº¡m thÃ´i, m cho nÆ°á»›c nÃ³ng 98 Ä‘á»™ vÃ o lÃºc 1h Ä‘Ãªm, sÃ¡ng 9h tháº¥y báº±ng nhiá»‡t Ä‘á»™ phÃ²ng, ko cÃ²n Ä‘á»™ áº¥m",3
349,"Giao sai mÃ u, MÃ¬nh Ä‘áº·t 2 cÃ¡i tráº¯ng. YeÃªu cáº§u Ä‘á»•i hÃ ng",1
350,NhÃ¢n viÃªn shop Ä‘Ã³ng thiáº¿u cá»‘c giá»¯ nhiá»‡t â€œ máº·c dÃ¹ â€œ khi xÃ¡c nháº­n Ä‘Æ¡n hÃ ng KhÃ¡ch Ä‘Ã£ nháº¥n máº¡nh Ä‘áº¿n viá»‡c Ä‘Ã³ng cá»‘c giá»¯ nhiá»‡t. MÃ  Ä‘Ã£ thiáº¿u hÃ ng thÃ¬ lÃ m gÃ¬ biáº¿t sáº£n pháº©m sá»­ dá»¥ng nhÆ° tháº¿ nÃ o mÃ  Ä‘Ã²i KhÃ¡ch â€œÄ‘Ã¡nh vá»›i cháº£ giÃ¡ â€œ hic.,1
351,"Sáº£n pháº©m tá»‘t,dá»ƒ sá»­ dá»¥ng",3
352,giao sai sáº£n pháº©m,3
353,láº¥y mÃ u Ä‘á» mÃ  giao mÃ u xanh,2
354,chÆ°a nháº­n dc hÃ ng.,1
355,,2
356,,1
357,,1
358,,1
359,cháº³ng tháº¥y hiá»‡u quáº£ jjj Ã½ cÆ¡ kem phake,3
360,"Ä‘Ã£ nháº­n hÃ ng nhÆ°ng ko vá»«a Ã½.sÃ o bá»‹ mÃ³p mÃ©o ,Ä‘áº·t hÃ ng gá»“m sÃ o,mÃ³c,vÃ  liá»m nhÆ°ng chá»‰ cÃ³ sÃ o ko.ko cÃ³ mÃ³c vÃ  liá»m nhÆ° Ä‘áº·t.mÃ¬nh sáº½ kiáº¿n nghá»‹ lazada Ä‘á»•i tráº£.shop bÃ¡n hÃ ng ko trung thá»±c.",1
361,"Shop giao thiáº¿u sp. MÃ¬nh kiÃªn nháº«n liÃªn há»‡ vs shop trog thá»i gian dÃ i Ä‘á»ƒ cÃ³ biá»‡n phÃ¡p tiá»‡n lá»£i cho Ä‘Ã´i bÃªn mÃ  shop ko thÃ¨m tl mÃ¬nh. Dá»‹ch vá»¥ ráº¥t kÃ©m. Ã thá»©c trÃ¡ch nhiá»‡m bÃ¡n hÃ ng tá»‡. Ko uy tÃ­n. Tuy cháº¥t lÆ°á»£ng sp tá»‘t nhÆ°ng giao thiáº¿u ( liá»m ) vÃ  ko cÃ³ trÃ¡ch nhiá»‡m xá»­ lÃ½ Ä‘Æ¡n hÃ ng, kÃ©o dÃ i time. MÃ¬nh cÃ³ quay video má»Ÿ Ä‘Æ¡n hÃ ng tá»« Ä‘áº§u. BÃªn cáº¡nh thÃ¬ ng giao hÃ ng chá»— mÃ¬nh nhiá»‡t tÃ¬nh vÃ  dá»… thÆ°Æ¡ng.",1
362,shop nÃ y lá»«a Ä‘áº£o tÃ´i Ä‘áº·t 2 sáº£n pháº©m mÃ  chá»‰ gá»­i 1,1
363,"lÆ°á»¡i gÃ¬ nhá» xÃ­u, khÃ³ mÃ³c cÃ nh, chá»‰ mÃ³c Ä‘c cÃ nh bÃ©, má»›i cáº¯t cÃ¡i cÃ nh Ä‘Ã£ bik máº» rá»“i",3
364,"nháº­n dc 1 cÃ¢y sÃ o khÃºc Ä‘áº§u sÃ o mÃ³p mÃ©o tráº§y trá»£t, mÃ³c sÃ o rá»‰ sÃ©t , hÃ¬nh thá»©c cÅ© Ä‘Ã£ qua sá»­ dá»¥ng. Lá»±a chá»n Ä‘á»™ dÃ i thuáº­n tiá»‡n,",3
365,Yáº¿uâ€¦ khá»u 1 chÃºt bá»‹ cong vÃ  náº¥c trÃªn cÃ¹ng bá»‹ gÃ£yâ€¦ mÃ³c trÃªn dá»ƒ bá»‹ congâ€¦ Ä‘á»™ bÃªn k cÃ³ â€¦ hÃ¬h áº£nh chá»‰ mag tÃ­nh cháº¥t minh hoáº¡â€¦,1
366,tui má»›i Ä‘áº·t Ä‘Æ¡n hÃ ng 2 cÃ¢y sÃ o mÃ  shop TÃ¹ng LÃ¢m giao cÃ³ 1 cÃ¢y cÃ¡ch Ä‘Ã¢y Ã­t hÃ´m tui cÅ©ng Ä‘áº·t Ä‘Æ¡n hÃ ng 3 cÃ¢y sÃ o bÃªn shop Ä‘á»“ cÃ¢u HÃ¹ng Tháº£o mÃ  cÅ©ng giao cÃ³ 1 cÃ¢y khi nháº¯n tin thÃ¬ khÃ´ng tráº£ Cáº£ 2 shop nÃ y Ä‘á»u á»Ÿ MÃª Linh ThÆ°á»ng TÃ­n HÃ  Ná»™i Tui tháº¥y cÃ¡c shop á»Ÿ ngoÃ i phÃ­a báº¯c ká»³ khÃ´ng lÃ m Äƒn cho Ä‘Ã ng hoÃ ng Ä‘Æ°á»£c hay sao cá»© thÃ­t lÆ°Æ¡ng láº¹o giang sáº£o chi záº­y. chÃ¡n thiá»‡t má»i ngÆ°á»i khi mua hÃ ng bÃªn nhá»¯ng ship nÃ y nÃªn cáº§n tháº­n . Nhá»©t lÃ  nhá»¯ng shop á»Ÿ ngoÃ i phÃ­a báº¯c ká»³,1
367,quÃ¡ tá»‡ hÃ ng mÃ³p mÃ©o rÃºt lÃ¨ lÆ°á»¡i inox má»ng. rÃºt háº¿t sÃ o nhÆ° cáº§n cÃ¢u yáº¿u xÃ¬u,1
368,SÃ o hÆ¡i cong vá»›i láº¡i Ä‘áº§u mÃ³c bá»‹ han gáº§n háº¿t,3
369,SÃ o ok nhÆ°ng khÃ´ng biáº¿t lÃ m sao Ä‘á»ƒ gáº¯n bÃ´ng Ä‘uÃ´i gÃ  Ä‘áº» quÃ©t máº¡ng nhá»‡n? VÃ¬ Ä‘áº§u sÃ o lá»— quÃ¡ nhá»? MÃ¬nh nÃ³i rá»“i mÃ  shop khÃ´ng tÆ° váº¥n cÃ¢y sÃ o treo chim?,3
370,"Mua cÃ¡i liá»m kem theo, mÃ  quÃ¡ tá»‡ luÃ´n! Má»›i cáº¯t cÃ nh cÃ¢y báº±ng ngÃ³n tay thÃ´i mÃ  Ä‘Ã£ bung má»‘i hÃ n!",3
371,giao hÃ ng cháº­m mÃ  hÃ ng hÆ¡i yáº¿u vÃ  má»ng so vá»›i táº§m giÃ¡ táº¡m á»•n,3
372,"Ä‘Ã£ nháº­n hÃ ng nhÆ°ng chá»‰ cÃ³ sÃ o vÃ  mÃ³c ko tháº¥y liá»m, shop quáº£ng Ã¡i bÃ¡n hÃ ng cÃ³ váº­y mÃ  ko tháº¥y liá»m Ä‘Ã¢u, yÃªu cáº§u shop gá»­i thÃªm liá»m cho tÃ´i theo Ä‘á»‹a chá»‰ Ä‘Ã£ gá»­i",1
373,cÃ¢y yáº¿u inox má»ng quÃ¡ dá»Ÿ nha,3
374,quÃ¡ yáº¿u,3
375,chieu dai thi ok nhu shop quang cao.ve chat luong thi tam tam,1
376,Ghi sÃ o + mÃ³c mÃ  giao hÃ ng chá»‰ cÃ³ sÃ o thÃ´i,2
377,,3
378,,3
379,,3
380,,3
381,,3
382,,1
383,,1
384,,1
385,,1
386,,1
387,,1
388,,1
389,,1
390,,2
391,"Váº£i cháº¥t lÆ°á»£ng tuyá»‡t vá»i, KhÃ¡ng khuáº©n, khÃ´ng gÃ¢y mÃ¹i cÆ¡ thá»ƒ, Thiáº¿t káº¿ phong cÃ¡ch cho nhá»¯ng ngÆ°á»i Ä‘am mÃª bÃ³ng Ã¡o quáº§n Ä‘áº¹p nhÆ°ng mÃ  giao sai size nÃªn Ä‘Ã¢ng giÃ¡ cho 3*, LÃ½ tÆ°á»Ÿng cho cÃ¡c hoáº¡t Ä‘á»™ng thá»ƒ thao,",3
392,"Cháº¥t váº£i ráº¥t ráº¥t xáº¥u so vá»›i máº¥y Ä‘á»£t trÆ°á»›c mÃ¬nh mua, mÃ  lá»¡ Ä‘á»£t nÃ y mÃ¬nh mua nhiá»u rá»“i nÃªn tháº¥y há»‘i háº­n quÃ¡",3
393,"Cháº¥t váº£i ráº¥t ráº¥t xáº¥u so vá»›i máº¥y Ä‘á»£t trÆ°á»›c mÃ¬nh mua, mÃ  lá»¡ Ä‘á»£t nÃ y mÃ¬nh mua nhiá»u rá»“i nÃªn tháº¥y há»‘i háº­n quÃ¡",3
394,"Cháº¥t váº£i ráº¥t ráº¥t xáº¥u so vá»›i máº¥y Ä‘á»£t trÆ°á»›c mÃ¬nh mua, mÃ  lá»¡ Ä‘á»£t nÃ y mÃ¬nh mua nhiá»u rá»“i nÃªn tháº¥y há»‘i háº­n quÃ¡",3
395,Ã¡o quáº§n Ä‘áº¹p nhÆ°ng mÃ  giao sai size nÃªn Ä‘Ã¢ng giÃ¡ cho 3* thÃ´i,3
396,"Äá»“ bá»‹ lem mÃ u nhiá»u Háº¥p thá»¥ cao vÃ  tháº¥m má»“ hÃ´i, Vá»«a váº·n hoÃ n háº£o vÃ  thoáº£i mÃ¡i khi máº·c,",3
397,váº£i nÃ³ng,3
398,Giao 4 cÃ¡i 1 kiá»ƒu 1 size xong nÃ³i khÃ¡ch thÃ´ng cáº£m m!! VÃ¬ háº¿t hÃ ng ?????Giá» khÃ¡ch cá»‘ máº·c Ä‘i Ä‘á»ƒ ng khÃ¡c sáº½ nháº­n ra lÃ  khÃ¡ch cÃ³ 4 bá»™ chá»© khÃ´ng pháº£i 1 bá»™!!,1
399,"Äáº·t máº«u khÃ¡c nhau! Giao 4 cÃ¡i giá»‘ng nhau, cÃ¹ng 1 size!! Nháº¯n tin ko giáº£i quyáº¿t!!! NÃ³i thÃ´ng cáº£m??? LÃ m gÃ¬ vá»›i 4 cÃ¡i giá»‘ng nhau???",1
400,"Ã thá»©c bÃ¡n hÃ ng quÃ¡ kÃ©m, tá»± Ã½ thay Ä‘á»•i máº«u chÆ°a há»i Ã½ kiáº¿n khÃ¡ch hÃ ng, Ä‘Ã¡nh giÃ¡ 1* Ã½ thá»©c ngÆ°á»i bÃ¡n nÃ³i riÃªng vÃ  cá»­a hÃ ng Bulbal nÃ³i chung.",1
401,Äáº·t 4 máº«u!! GiÃ³ 4 cÃ¡i y chang nhau!! Nt ko muá»‘n giáº£i quyáº¿t!!! KhÃ¡ch hÃ ng lÃºc nÃ o cÅ©ng lÃ  ng chá»‹u thiá»‡t!!l. Lazada ko quáº£n lÃ­ ná»•i!!,1
402,"giao ko Ä‘Ãºng máº«u, tháº¥t vá»ng trÃ n trá», Ä‘áº·t mÃ u xang láº¡i giao mÃ u tráº¯ng . náº£n láº¯m ko thá»ƒ tin tÆ°á»Ÿng",1
403,"Shop giao sai mÃ u Ä‘áº·t bá»™ mÃ u tráº¯ng láº¡i giao mÃ u Ä‘á», bá»™ Ä‘á» Ä‘Ã³ cÃ²n bá»‹ phai mÃ u ná»¯a",1
404,Äáº·t máº«u khÃ¡c nhau! Giao 4 cÃ¡i y chang nhau!!nt ko giáº£i quyáº¿t!!! LÃ m Äƒn quÃ¡ tá»‡!!,1
405,"cháº¥t váº£i má»ng lÃ©t,xáº¥u vcl,sale Ä‘á»“ mÃ  váº£i má»ng tang chÃ¡n trÆ°á»ng quÃ¡ Ä‘ang",1
406,shop giao sai mÃ u shop giao sai mÃ u shop giao sai mÃ u shop giao sai mÃ u,2
407,"No pockets in the shorts ,its very bad and i received defective piece",2
408,Váº£i thÃ´ máº·c nÃ³ng Ão bá»‹ háº¥p mÃ u nÃªn sale PhÃ¹ há»£p vá»›i gias tiá»n,2
409,Giao 4 cÃ¡i giá»‘ng nhau??? Ntin Ko giáº£i quyáº¿t!!â€™,1
410,nhiá»u chá»‰ thá»«a cháº¥t lÆ°á»£ng kÃ©m,2
411,"Cháº¥t váº£i ráº¥t ráº¥t xáº¥u so vá»›i máº¥y Ä‘á»£t trÆ°á»›c mÃ¬nh mua, mÃ  lá»¡ Ä‘á»£t nÃ y mÃ¬nh mua nhiá»u rá»“i nÃªn tháº¥y há»‘i háº­n quÃ¡",3
412,Size mÃ u,1
413,Sai mÃ u sáº¯c KhÃ´ng nÃªn mua nhÃ© má»i ngÆ°á»i Buá»“n tháº¥t vá»ng láº¯m áº¡ Má»i ngÆ°á»i,1
414,ğŸ›¡ï¸Äá»™ bá»n:6Ä‘,3
415,giao sai máº«u,3
416,5.5,3
417,cháº¥t liá»‡u kÃ©m láº¯m má»i ngÆ°á»i khÃ´ng nÃªn mua,2
418,ÄÄƒÌ£t 2 bÃ´Ì£ maÌ€ giao coÌ 1 .,1
419,ko hÃ i lÃ²g giao sai máº«u,2
420,KhÃ´ng Ä‘Ãºng máº«u,1
421,,1
422,,1
423,,1
424,"GiÃ¡ sale khÃ¡ ráº», máº·c Ä‘i cháº¡y hoáº·c Ä‘Ã¡ bÃ³ng tháº¥y á»•n. Pháº§n mÃ¡c cÃ³ váº» lÃ  chÆ°a ká»¹ nÃªn bá»‹ bong ra, shop chÃº Ã½ ká»¹ hÆ¡n chÃºt lÃ  Ä‘áº¹p!",3
425,ÄÆ°Æ¡ng chá»‰ may lá»—i,3
426,HÃ ng lá»—i nÃªn chá»‰ cho 3 sao thÃ´i .,3
427,máº«u Ä‘áº¹p nhÆ°ng váº£i khÃ´ng tá»‘t báº±ng cÃ¡c máº«u trÆ°á»›c cÃ³ má»™t vÃ i lá»—i nháº¹,3
428,giao sai máº«u,3
429,,3
430,,3
431,,3
432,mÃ u k Ä‘áº¹p,3
433,,2
434,tiá»n nÃ o cá»§a náº¥y ko thÆ¡m chÃºt nÃ o nhá»›t nhÆ¡t sao Ã¡ cÃ¢n nhÄƒc khi mua,1
435,giao ko Ä‘Ãºng máº«u mÃ¹i ko thÆ¡m,3
436,hÃ ng kÃ©m cháº¥t lÆ°á»£ng,3
437,ko thom,3
438,giá»›i thiá»‡u lÃ  cá»§a malaysia nhÆ°ng ko pháº£i,1
439,"sá»¯ táº¯m giao Ä‘Ãºng háº¡n, váº­n chuyá»ƒn cáº©n tháº­n kh mÃ³p mÃ³.Tuy nhiÃªn, khi sá»­ dá»¥ng ráº¥t Ã­t bá»t, táº¯m xong cÅ©ng kh cÃ²n thÆ¡m.",3
440,HÃ ng giáº£ mÃ¹i ráº¥t kÃ¬ nhá»›t nhá»›t k táº¡o bá»t mÃ¹i tanh k nÃªn mua mua 2 chai vá» k dÃ¡m xÃ i luÃ´n,1
441,ko bot ko mÃ¹i nhá»›t tháº¥y ghÃª,1
442,Vvutzcvobbhnnnkjnnnujngfhbghhcvbvgbbbvghjhhhhgghhgghhhhhhgvvgfgttyuiiijvfrrrtyuuijj,3
443,"hÃ ng Ä‘Ãºng nhÆ° máº«u, nhÆ°ng lá»ng quÃ¡ cháº¯c pha nÆ°á»›c vÃ´ má»›i cÃ³ giÃ¡ ráº» nhÆ° váº­y, thÃ´i lá»¡ mua thÃ¬ pháº£i xÃ i Ä‘á»¡, rá»­a tay cÅ©ng ok",3
444,,1
445,"HÃ ng Ä‘Ã³ng gÃ³i cáº©n tháº­n Giao hÃ ng nhÆ° Ä‘á»“ nhÃ¡i, bong trÃ³c chá»¯ lem mÃ u in, xuáº¥t xá»© VN in chá»¯ thÃ¡i.!ğŸ˜‚ğŸ˜‚ğŸ˜‚",2
446,Do vá»¡ náº¯p trc mÃ  shop váº«n gá»­i hay do váº­n chuyá»ƒn thÃ¬ kg biáº¿t. ChÆ°a hÃ i lÃ²ng,3
447,"Giá»›i thiá»‡u sáº£n pháº©m cÃ³ xuáº¥t xá»© á»Ÿ Malaysia, nhÆ°ng khi nháº­n hÃ ng thÃ¬ tháº¥y Ä‘Æ°á»£c sáº£n xuáº¥t á»Ÿ Viá»‡t Nam.",3
448,"sá»¯a táº¯m nhá»›t nhá»›t nhÆ°ng thÆ¡m, váº«n cá»© lÃ  hÆ¡i sá»£ sá»£ khi xÃ i, Ä‘Ã³ng gÃ³i ká»¹, nhÃ¢n viÃªn giao hÃ ng quÃ¡ cá»c",2
449,,2
450,"Sáº£n pháº©m Ä‘áº§y Ä‘á»§, cÅ©ng khÃ¡ giá»‘ng mÃ´ táº£, Ä‘Ã³ng gÃ³i gÃ³i á»•n. quÃ¡ trÃ¬nh váº­n chuyá»ƒn quÃ¡ cháº­m 15 ngÃ y, trá»… nhÆ°ng khi há»i thÃ¬ pháº£n há»“i nhÆ° khÃ´ng. ÄÃ£ trá»« hao nhÆ°ng váº«n lÃ m trá»… cÃ´ng viá»‡c.",3
451,"giao hÃ ng lÃ¢u ,Ä‘Ã£ zaayj cÃ²n bá»‹ gÃ£y ná»¯a chá»© mua láº§n 1 thÃ´i ko cÃ³ láº§n 2",3
452,tráº§y quÃ¡ trá»i lem nhem,1
453,chá»¥p tÃ³c thÃ¬ vá»¡ háº¿t chua sai Ä‘Æ°á»£c gÃ¬ háº¿t,3
454,Giao hÃ ng quÃ¡ lÃ¢u há»§y thÃ¬ ko cho gáº§n 1 thÃ¡ng má»›i nháº­n Ä‘Æ°á»£c hÃ ng,2
455,ThÃ´ng bÃ¡o giao hÃ ng thÃ nh cÃ´ng nhÆ°ng ko há» nháº­n Ä‘Æ°á»£c hÃ ng.,1
456,chÆ°a nháº­n Ä‘Æ°á»£c hÃ ng sau Ä‘á»ƒ Ä‘Ã£ giao hÃ ng,1
457,chx nháº­n Ä‘c hÃ ng,2
458,Dá»… gÃ£y,2
459,,3
460,,3
461,,1
462,,1
463,,2
464,,1
465,,1
466,,2
467,ko biáº¿t do cáº£m giÃ¡c hay sao mÃ  t tháº¥y táº©y khÃ´ng Ä‘Æ°á»£c sáº¡ch láº¯m =)))) anh em xem áº£nh vá»›i video tham kháº£o hÃ ng riu ko nha,3
468,Ä‘á»ƒ cÃ³ quÃ  mÃ  k tháº¥y quÃ  gÃ¬ háº¿t cay ghÃª sÄƒn quÃ¡ tr sÄƒn cÃ¡i khÃºc quÃ  hong tháº¥yğŸ˜ƒğŸ˜ƒğŸ˜ƒğŸ˜ƒ,3
469,tháº¥y shop Ä‘á»ƒ cÃ³ má»¥c quÃ  táº·ng nháº­n hÃ ng cÃ³ tháº¥y táº·ng chai nÃ o Ä‘Ã¢u ğŸ˜‚ğŸ˜‚,3
470,"ngoÃ i hÃ¬nh ok, Ä‘á»§ sá»‘ lÆ°á»£ng cÆ¡ mÃ  cháº¥t lÆ°á»£ng tháº¥y ko á»•n láº¯m, dÃ¹ chá»¯a chÃ¡y thÃ¬ dc",3
471,"hÃ ng fake, Ä‘ang ko cÃ³ má»¥n mÃ  dÃ¹ng cÃ¡i bÃ¹ng má»¥n lÃªn, da Ä‘á» thÃ´ rÃ¡p nhÆ° dÃ¹ng rÆ°á»£u thuá»‘c",1
472,"hÃ ng fake, Ä‘ang ko cÃ³ má»¥n mÃ  dÃ¹ng cÃ¡i bÃ¹ng má»¥n lÃªn, da Ä‘á» thÃ´ rÃ¡p nhÆ° dÃ¹ng rÆ°á»£u thuá»‘c",1
473,Quáº£ng cÃ¡o khÃ¡c vá»›i giao hÃ ng. Mua lÃ  cÃ³ quÃ . QuÃ  Ä‘Æ°á»£c giao lÃ  khÃ´ng khÃ­,3
474,Sáº£n pháº©m bá»‹ Ä‘Ã³ng 1 lá»›p dáº§u phÃ­a trÃªn khÃ´ng tan lÃ  sao váº­y ğŸ™‚,1
475,ko biáº¿t cÃ³ pháº£i chÄ©nh hÃ£ng ko .mÃ  láº¡i made in china chÃ¡n,3
476,"Nháº¹ nhÃ ng trÃªn da, GiÃ¡ trá»‹ tuyá»‡t vá»i cho sá»‘ tiá»n bá» ra, HÆ°Æ¡ng thÆ¡m nháº¹ nhÃ ng, Loáº¡i bá» bá»¥i báº©n vÃ  táº¡p cháº¥t, LÃ m cho da cáº£m tháº¥y tÆ°Æ¡i mÃ¡t,",1
477,"Trong Ä‘Æ¡n báº£o táº·ng quÃ  1 bá»‹ch giáº¥y Æ°á»›t nhÆ°ng khi nháº­n láº¡i k cÃ³. KhÃ´ng pháº£i quÃ  nhá» hay quÃ  lá»›n, mÃ  lÃ  uy tÃ­n vá»›i khÃ¡ch hÃ ng",1
478,,3
479,"Dung tÃ­ch chai ghi 100ml mÃ  chá»‰ 95ml, táº©y k sáº¡ch , vá»›i giÃ¡ nÃ y cÅ©ng khÃ´ng gá»i lÃ  ráº»",3
480,,1
481,"Giao hÃ ng thiáº¿u item nÃ y, vÃ¬ giÃ¡ trá»‹ nhá» nÃªn khÃ´ng claim, nhÆ°ng shop khÃ´ng chá»§ Ä‘á»™ng bá»“i thÆ°á»ng, thá»§ tá»¥c há»— trá»£ rÆ°á»m rÃ , khÃ´ng lÃ m hÃ i lÃ²ng khÃ¡ch hÃ ng",3
482,"Viá»‡c giao hÃ ng ráº¥t cháº­m. NgÆ°á»i bÃ¡n lÃ  má»™t ngÆ°á»i bÃ¡n lazmal nhÆ°ng khÃ´ng gá»­i hÃ ng trong vÃ²ng 48 giá». Máº¥t 15 ngÃ y Ä‘á»ƒ Ä‘áº¿n nÆ¡i. ThÃ´ng thÆ°á»ng, nÃ³ máº¥t tá»« 5 Ä‘áº¿n 7 ngÃ y tá»« Trung Quá»‘c. Sáº£n pháº©m cÃ³ cháº¥t lÆ°á»£ng kÃ©m. Báº¡n cáº§n sá»­ dá»¥ng nÃ³ nhiá»u láº§n Ä‘á»ƒ nÃ³ nÃ³ng lÃªn. NÃ³ khÃ´ng Ä‘á»§ nÃ³ng láº§n Ä‘áº§u tiÃªn, báº¡n cáº§n tiáº¿p tá»¥c sá»­ dá»¥ng cho Ä‘áº¿n khi nÃ³ cuá»‘i cÃ¹ng nÃ³ng Ä‘á»§.",1
483,"Very long delivery, noizy, not working gift",3
484,Giao sai sáº£n pháº©m pháº©m. Buá»“n.,1
485,"sáº£n pháº©m thá»±c táº¿ trÃ´ng nhÆ° Ä‘Ã£ Ä‘Æ°á»£c sá»­ dá»¥ng rá»“i. tÃ¡i cháº¿/Ä‘Ã³ng gÃ³i láº¡i Ä‘á»ƒ bÃ¡n láº¡i. cuá»‘i cÃ¹ng, nÃ³ bá»‹ lá»—i.",1
486,"thiáº¿t bá»‹ khÃ´ng cháº¡y, Ä‘Ã¨n tÃ­n hiá»‡u lÃªn mÃ  k cháº¡y, nháº¯n tin cho shop thÃ¬ k tráº£ lá»i. chÃ¡n luÃ´n. cá»­a hÃ ng lá»›n mÃ  nháº¯n mÃ£i k tháº¥y tráº£ lá»i.",1
487,Äá»‹t máº¹ mÃ y shop nhÃ© .lá»«a Ä‘áº£o bá»‹ tai náº¡n cháº¿t máº¹ mÃ y Ä‘i.Má»i ngÆ°á»i Æ¡i nÃ³ lá»«a Ä‘áº£o Ä‘áº¥y. Äi cháº¿t Ä‘i Ä‘á»‹t máº¹ mÃ y shop nhÃ¡.,1
488,cÃ¡i lÃ² xo bÃªn trong ráº¥t lá». Ä‘á»¥ng vÃ o lÃ  rá»›t ra,1
489,,1
490,,1
491,"Ä‘Ã£ nháº­n hÃ ng nhÆ°ng ko vá»«a Ã½.sÃ o bá»‹ mÃ³p mÃ©o ,Ä‘áº·t hÃ ng gá»“m sÃ o,mÃ³c,vÃ  liá»m nhÆ°ng chá»‰ cÃ³ sÃ o ko.ko cÃ³ mÃ³c vÃ  liá»m nhÆ° Ä‘áº·t.mÃ¬nh sáº½ kiáº¿n nghá»‹ lazada Ä‘á»•i tráº£.shop bÃ¡n hÃ ng ko trung thá»±c.",1
492,"Shop giao thiáº¿u sp. MÃ¬nh kiÃªn nháº«n liÃªn há»‡ vs shop trog thá»i gian dÃ i Ä‘á»ƒ cÃ³ biá»‡n phÃ¡p tiá»‡n lá»£i cho Ä‘Ã´i bÃªn mÃ  shop ko thÃ¨m tl mÃ¬nh. Dá»‹ch vá»¥ ráº¥t kÃ©m. Ã thá»©c trÃ¡ch nhiá»‡m bÃ¡n hÃ ng tá»‡. Ko uy tÃ­n. Tuy cháº¥t lÆ°á»£ng sp tá»‘t nhÆ°ng giao thiáº¿u ( liá»m ) vÃ  ko cÃ³ trÃ¡ch nhiá»‡m xá»­ lÃ½ Ä‘Æ¡n hÃ ng, kÃ©o dÃ i time. MÃ¬nh cÃ³ quay video má»Ÿ Ä‘Æ¡n hÃ ng tá»« Ä‘áº§u. BÃªn cáº¡nh thÃ¬ ng giao hÃ ng chá»— mÃ¬nh nhiá»‡t tÃ¬nh vÃ  dá»… thÆ°Æ¡ng.",1
493,shop nÃ y lá»«a Ä‘áº£o tÃ´i Ä‘áº·t 2 sáº£n pháº©m mÃ  chá»‰ gá»­i 1,1
494,"lÆ°á»¡i gÃ¬ nhá» xÃ­u, khÃ³ mÃ³c cÃ nh, chá»‰ mÃ³c Ä‘c cÃ nh bÃ©, má»›i cáº¯t cÃ¡i cÃ nh Ä‘Ã£ bik máº» rá»“i",3
495,"nháº­n dc 1 cÃ¢y sÃ o khÃºc Ä‘áº§u sÃ o mÃ³p mÃ©o tráº§y trá»£t, mÃ³c sÃ o rá»‰ sÃ©t , hÃ¬nh thá»©c cÅ© Ä‘Ã£ qua sá»­ dá»¥ng. Lá»±a chá»n Ä‘á»™ dÃ i thuáº­n tiá»‡n,",3
496,Yáº¿uâ€¦ khá»u 1 chÃºt bá»‹ cong vÃ  náº¥c trÃªn cÃ¹ng bá»‹ gÃ£yâ€¦ mÃ³c trÃªn dá»ƒ bá»‹ congâ€¦ Ä‘á»™ bÃªn k cÃ³ â€¦ hÃ¬h áº£nh chá»‰ mag tÃ­nh cháº¥t minh hoáº¡â€¦,1
497,tui má»›i Ä‘áº·t Ä‘Æ¡n hÃ ng 2 cÃ¢y sÃ o mÃ  shop TÃ¹ng LÃ¢m giao cÃ³ 1 cÃ¢y cÃ¡ch Ä‘Ã¢y Ã­t hÃ´m tui cÅ©ng Ä‘áº·t Ä‘Æ¡n hÃ ng 3 cÃ¢y sÃ o bÃªn shop Ä‘á»“ cÃ¢u HÃ¹ng Tháº£o mÃ  cÅ©ng giao cÃ³ 1 cÃ¢y khi nháº¯n tin thÃ¬ khÃ´ng tráº£ Cáº£ 2 shop nÃ y Ä‘á»u á»Ÿ MÃª Linh ThÆ°á»ng TÃ­n HÃ  Ná»™i Tui tháº¥y cÃ¡c shop á»Ÿ ngoÃ i phÃ­a báº¯c ká»³ khÃ´ng lÃ m Äƒn cho Ä‘Ã ng hoÃ ng Ä‘Æ°á»£c hay sao cá»© thÃ­t lÆ°Æ¡ng láº¹o giang sáº£o chi záº­y. chÃ¡n thiá»‡t má»i ngÆ°á»i khi mua hÃ ng bÃªn nhá»¯ng ship nÃ y nÃªn cáº§n tháº­n . Nhá»©t lÃ  nhá»¯ng shop á»Ÿ ngoÃ i phÃ­a báº¯c ká»³,1
498,quÃ¡ tá»‡ hÃ ng mÃ³p mÃ©o rÃºt lÃ¨ lÆ°á»¡i inox má»ng. rÃºt háº¿t sÃ o nhÆ° cáº§n cÃ¢u yáº¿u xÃ¬u,1
499,SÃ o hÆ¡i cong vá»›i láº¡i Ä‘áº§u mÃ³c bá»‹ han gáº§n háº¿t,3
500,SÃ o ok nhÆ°ng khÃ´ng biáº¿t lÃ m sao Ä‘á»ƒ gáº¯n bÃ´ng Ä‘uÃ´i gÃ  Ä‘áº» quÃ©t máº¡ng nhá»‡n? VÃ¬ Ä‘áº§u sÃ o lá»— quÃ¡ nhá»? MÃ¬nh nÃ³i rá»“i mÃ  shop khÃ´ng tÆ° váº¥n cÃ¢y sÃ o treo chim?,3
501,"Mua cÃ¡i liá»m kem theo, mÃ  quÃ¡ tá»‡ luÃ´n! Má»›i cáº¯t cÃ nh cÃ¢y báº±ng ngÃ³n tay thÃ´i mÃ  Ä‘Ã£ bung má»‘i hÃ n!",3
502,giao hÃ ng cháº­m mÃ  hÃ ng hÆ¡i yáº¿u vÃ  má»ng so vá»›i táº§m giÃ¡ táº¡m á»•n,3
503,"Ä‘Ã£ nháº­n hÃ ng nhÆ°ng chá»‰ cÃ³ sÃ o vÃ  mÃ³c ko tháº¥y liá»m, shop quáº£ng Ã¡i bÃ¡n hÃ ng cÃ³ váº­y mÃ  ko tháº¥y liá»m Ä‘Ã¢u, yÃªu cáº§u shop gá»­i thÃªm liá»m cho tÃ´i theo Ä‘á»‹a chá»‰ Ä‘Ã£ gá»­i",1
504,cÃ¢y yáº¿u inox má»ng quÃ¡ dá»Ÿ nha,3
505,quÃ¡ yáº¿u,3
506,chieu dai thi ok nhu shop quang cao.ve chat luong thi tam tam,1
507,Ghi sÃ o + mÃ³c mÃ  giao hÃ ng chá»‰ cÃ³ sÃ o thÃ´i,2
508,,3
509,,3
510,,3
511,,3
512,,3
513,,1
514,,1
515,,1
516,,1
517,,1
518,,1
519,,1
520,,1
521,,2
522,"hÃ ng giao nhanh, Ä‘Ã³ng gÃ³i ká»¹, dÃ¹ng ráº¥t ok, nhÃ¢n viÃªn giao hÃ ng thÃ¢n thiá»‡n, táº·ng shoo 5 sao",3
523,"Giao hÃ ng rÃ¢t lÃ¢u táº­n 8ngÃ y, cáº£m giac mua trong nÆ°Æ¡c nhÆ°ng nháº­n hÃ ng thÃ¬ nhÆ° mua tá»« nÆ°Æ¡c ngoÃ i",3
524,sáº£n pháº©m bá»‹ Tráº§y xÆ°á»›c nhiá»u,3
525,cháº¥t lÆ°á»£ng máº«u mÃ£ Ä‘áº¹p giÃ¡ há»™p lÃ½ láº§n sau á»§ng há»™ tiáº¿p,3
526,Nhanh hÆ° quÃ¡,3
527,"hÃ ng cháº¥t lÆ°á»£ng, ráº»,giao hÃ ng nhanh, Ä‘Ã³ng gÃ³i OK, nÃ³i chung hÃ i lÃ²ng.",1
528,,3
529,,3
530,,3
531,,3
532,,2
533,,2
534,,1
