STT,Ná»™i dung bÃ¬nh luáº­n,Sá»‘ sao
1,"Cháº¥t liá»‡u gá»— cháº¯c cháº¯n vÃ  bá»n, HoÃ n háº£o Ä‘á»ƒ sáº¯p xáº¿p vÃ  trÆ°ng bÃ y cÃ¡c máº·t hÃ ng,",0
2,"Tay nghá» cháº¥t lÆ°á»£ng cao, HoÃ n háº£o Ä‘á»ƒ sáº¯p xáº¿p vÃ  trÆ°ng bÃ y cÃ¡c máº·t hÃ ng, Nhiá»u táº§ng cho khÃ´ng gian lÆ°u trá»¯ rá»™ng rÃ£i,",0
3,"HoÃ n háº£o Ä‘á»ƒ sáº¯p xáº¿p vÃ  trÆ°ng bÃ y cÃ¡c máº·t hÃ ng, Ká»‡ gá»— Ä‘a nÄƒng tiá»‡n dá»¥ng, Thiáº¿t káº¿ tá»• ong Ä‘á»™c Ä‘Ã¡o vÃ  tiá»‡n dá»¥ng,",0
4,"Cháº¥t liá»‡u gá»— cháº¯c cháº¯n vÃ  bá»n, CÃ³ nhiá»u kÃ­ch cá»¡ khÃ¡c nhau Ä‘á»ƒ Ä‘Ã¡p á»©ng nhu cáº§u khÃ¡c nhau, Nhiá»u táº§ng cho khÃ´ng gian lÆ°u trá»¯ rá»™ng rÃ£i, Phong cÃ¡ch thanh lá»‹ch vÃ  hiá»‡n Ä‘áº¡i, Ráº¥t lÃ  Æ°ng nha!",0
5,"CÃ³ nhiá»u kÃ­ch cá»¡ khÃ¡c nhau Ä‘á»ƒ Ä‘Ã¡p á»©ng nhu cáº§u khÃ¡c nhau, HoÃ n háº£o Ä‘á»ƒ sáº¯p xáº¿p vÃ  trÆ°ng bÃ y cÃ¡c máº·t hÃ ng, Dá»… dÃ ng láº¯p rÃ¡p vÃ  thÃ¡o rá»i,",0
6,"Cháº¥t liá»‡u gá»— cháº¯c cháº¯n vÃ  bá»n, HoÃ n háº£o Ä‘á»ƒ sáº¯p xáº¿p vÃ  trÆ°ng bÃ y cÃ¡c máº·t hÃ ng,",5
7,"Tay nghá» cháº¥t lÆ°á»£ng cao, HoÃ n háº£o Ä‘á»ƒ sáº¯p xáº¿p vÃ  trÆ°ng bÃ y cÃ¡c máº·t hÃ ng, Nhiá»u táº§ng cho khÃ´ng gian lÆ°u trá»¯ rá»™ng rÃ£i,",5
8,"HoÃ n háº£o Ä‘á»ƒ sáº¯p xáº¿p vÃ  trÆ°ng bÃ y cÃ¡c máº·t hÃ ng, Ká»‡ gá»— Ä‘a nÄƒng tiá»‡n dá»¥ng, Thiáº¿t káº¿ tá»• ong Ä‘á»™c Ä‘Ã¡o vÃ  tiá»‡n dá»¥ng,",5
9,"Cháº¥t liá»‡u gá»— cháº¯c cháº¯n vÃ  bá»n, CÃ³ nhiá»u kÃ­ch cá»¡ khÃ¡c nhau Ä‘á»ƒ Ä‘Ã¡p á»©ng nhu cáº§u khÃ¡c nhau, Nhiá»u táº§ng cho khÃ´ng gian lÆ°u trá»¯ rá»™ng rÃ£i, Phong cÃ¡ch thanh lá»‹ch vÃ  hiá»‡n Ä‘áº¡i, Ráº¥t lÃ  Æ°ng nha!",5
10,"CÃ³ nhiá»u kÃ­ch cá»¡ khÃ¡c nhau Ä‘á»ƒ Ä‘Ã¡p á»©ng nhu cáº§u khÃ¡c nhau, HoÃ n háº£o Ä‘á»ƒ sáº¯p xáº¿p vÃ  trÆ°ng bÃ y cÃ¡c máº·t hÃ ng, Dá»… dÃ ng láº¯p rÃ¡p vÃ  thÃ¡o rá»i,",5
11,"Cháº¥t liá»‡u gá»— cháº¯c cháº¯n vÃ  bá»n, HoÃ n háº£o Ä‘á»ƒ sáº¯p xáº¿p vÃ  trÆ°ng bÃ y cÃ¡c máº·t hÃ ng,",5
12,"Tay nghá» cháº¥t lÆ°á»£ng cao, HoÃ n háº£o Ä‘á»ƒ sáº¯p xáº¿p vÃ  trÆ°ng bÃ y cÃ¡c máº·t hÃ ng, Nhiá»u táº§ng cho khÃ´ng gian lÆ°u trá»¯ rá»™ng rÃ£i,",5
13,"HoÃ n háº£o Ä‘á»ƒ sáº¯p xáº¿p vÃ  trÆ°ng bÃ y cÃ¡c máº·t hÃ ng, Ká»‡ gá»— Ä‘a nÄƒng tiá»‡n dá»¥ng, Thiáº¿t káº¿ tá»• ong Ä‘á»™c Ä‘Ã¡o vÃ  tiá»‡n dá»¥ng,",5
14,"Cháº¥t liá»‡u gá»— cháº¯c cháº¯n vÃ  bá»n, CÃ³ nhiá»u kÃ­ch cá»¡ khÃ¡c nhau Ä‘á»ƒ Ä‘Ã¡p á»©ng nhu cáº§u khÃ¡c nhau, Nhiá»u táº§ng cho khÃ´ng gian lÆ°u trá»¯ rá»™ng rÃ£i, Phong cÃ¡ch thanh lá»‹ch vÃ  hiá»‡n Ä‘áº¡i, Ráº¥t lÃ  Æ°ng nha!",5
15,"CÃ³ nhiá»u kÃ­ch cá»¡ khÃ¡c nhau Ä‘á»ƒ Ä‘Ã¡p á»©ng nhu cáº§u khÃ¡c nhau, HoÃ n háº£o Ä‘á»ƒ sáº¯p xáº¿p vÃ  trÆ°ng bÃ y cÃ¡c máº·t hÃ ng, Dá»… dÃ ng láº¯p rÃ¡p vÃ  thÃ¡o rá»i,",5
16,"ğŸ›¡Äá»™ bá»n:á»•n , há»£p vá»›i há»c sinhThiáº¿t káº¿ tá»• ong Ä‘á»™c Ä‘Ã¡o vÃ  tiá»‡n dá»¥ng,",5
17,"ChÆ°a cÃ³ thá»i gian láº¯p rÃ¡p,gá»— náº·ng tay cháº¯c cháº¯n,giao hÃ ng Ä‘Ãºng kÃ­ch thÆ°á»›c vÃ  Ä‘Ãºng thá»i gian",5
18,"Versatile and convenient wooden shelf, Sleek and modern style, Easy to assemble and disassemble,",5
19,"HoÃ n háº£o Ä‘á»ƒ sáº¯p xáº¿p vÃ  trÆ°ng bÃ y cÃ¡c máº·t hÃ ng, Dá»… dÃ ng láº¯p rÃ¡p vÃ  thÃ¡o rá»i, Nhiá»u táº§ng cho khÃ´ng gian lÆ°u trá»¯ rá»™ng rÃ£i, Ká»‡ gá»— Ä‘a nÄƒng tiá»‡n dá»¥ng,",5
20,ÄÃ¢y lÃ  láº§n tiáº¿p thá»© hai mÃ¬nh Ä‘áº·t hÃ ng. Sáº³n pháº©m dá»… láº¯p ghÃ©p! PhÃ¹ há»£p vá»›i nhu cáº§u sá»­ dá»¥ng cá»§a mÃ¬nh,5
21,Sp á»•n so vá»›i giÃ¡ cÅ©ng khÃ¡ cháº¯c cháº¯n láº¯p ghÃ©p dá»… dÃ ng náº¿u dÃ y hÆ¡n chÃºt thÃ¬ nhÃ¬n sáº½ chaáº¯c cháº¯n hÆ¡n,5
22,ğŸ›¡Äá»™ bá»n:50 kÃ½ tá»± 50 kÃ½ tá»± 50 kÃ½ tá»± 50 kÃ½ tá»± 50 kÃ½ tá»± 50 kÃ½ tá»± 50 kÃ½ tá»± 50 kÃ½ tá»± 50 kÃ½ tá»± 50 kÃ½ tá»±,5
23,"Äáº¹p tuyá»‡t vá»i nhÃ©, cháº¥t mÃ¹n cÆ°a hÆ¡i má»m nhÆ°g Ä‘á»ƒ Ä‘á»“ thÃ¬ okkk nhÃ©a",5
24,Ä‘áº¹p.dá»… láº¯p rÃ¡p.tiá»‡n dá»¥ng,5
25,"Ká»‡ gá»— Ä‘a nÄƒng tiá»‡n dá»¥ng, Dá»… dÃ ng láº¯p rÃ¡p vÃ  thÃ¡o rá»i, giao tÆ°Æ¡ng Ä‘á»‘i nhanh, bá»c hÃ ng ká»¹ lÆ°á»¡ng . Táº·ng shop 5 sao .",5
26,Cháº¥t lÆ°á»£ng tá»‘t vá»›i giÃ¡ tháº¥p,5
27,"good value for it's money. probably you are not allowed to put even a drop of water on it, it spoils the surface.",4
28,"Ká»‡ gá»— cháº¯c cháº¯n , dá»… láº¯p rÃ¡p . ÄÃºng kÃ­ch thÆ°á»›c Ä‘Ã£ Ä‘áº·t . Ká»‡ Ä‘áº¹p . Sáº½ á»§ng há»™ láº§n sau. Táº·ng shop 5 sao",5
29,Convenient nice rack. Placed right inside the closet.,5
30,"Good quality, easy to assemble. Fast shipping. Comes in various sizes for different needs,",5
31,hÃ ng nháº­n vá» quÃ¡ ok luÃ´n áº¡ mÃ¬nh sÄƒn Ä‘Æ°á»£c sale nÃªn giÃ¡ tá»‘t. cáº£m Æ¡n shop ráº¥t nhiá»u,5
32,"Good quality, fast shipping, easy to assemble.",5
33,"Kiá»ƒu dÃ¡ng:Cháº¥t liá»‡u gá»— cháº¯c cháº¯n vÃ  bá»n,",5
34,Teacher and lÃ  Ä‘c nghá»‰ Ä‘i you lÃ  má»™t loÃ i bÆ°á»›m ngÃ y thuá»™c há» you lÃ  má»™t loÃ i bÆ°á»›m ngÃ y thuá»™c há» you vÃ  má»™t nÄƒm sau em vá» em cÃ³ cÃ¡i nÃ o khÃ´ng hay chá»‰,5
35,"Giao hÃ ng khÃ¡ nhanh, Ä‘Ã³ngvgois cáº©n tháº­n. Ká»‡ tá»§ Ä‘ep, dá»… láº¯p ráº¯p. ÄÃ¡ng tin, nÃªn muağŸ‘",5
36,"CÃ³ nhiá»u kÃ­ch cá»¡ khÃ¡c nhau Ä‘á»ƒ Ä‘Ã¡p á»©ng nhu cáº§u khÃ¡c nhau, Phong cÃ¡ch thanh lá»‹ch vÃ  hiá»‡n Ä‘áº¡i, Ká»‡ gá»— Ä‘a nÄƒng tiá»‡n dá»¥ng,",5
37,tá»‘t,5
38,"ká»‡ Ä‘áº¹p, bá»‹ sá»©t má»™t tÃ­ nhÆ°ng mÃ  shop khoan hÆ¡i lá»‡ch, tui pháº£i dÃ¹ng háº¿t sá»©c lá»±c trong báº£n thá»ƒ yáº¿u Ä‘uá»‘i nÃ y ğŸ¥¹ğŸ¥¹ğŸ¥¹",5
39,"Giao hÃ ng nhanh, sáº£n pháº©m Ä‘Ãºng máº«u, tuy cÃ³ hÆ¡i yáº¿u vÃ  má»ng manh nhÆ°ng vá»›i giÃ¡ tiá»n nhÆ° váº­y thÃ¬ phÃ¹ há»£p,",5
40,"Cháº¥t lÆ°á»£ng gá»— Ä‘áº¡t tiÃªu chuáº©n;Dá»… láº¯p rÃ¡p;NhÆ°ng bÃ¡n ká»‡ NÃŠN KÃˆM THE"" cháº¡y O Táº¤M LÃ“T ÄÃY,khÃ´ng cÃ³ táº¥m lÃ³t ngÆ°á» dÃ¹ng láº¡i pháº£i Ä‘i "" kiáº¿m"",gÃ¢y máº¥t thá»i gian khi sáº¯m Ä‘Æ°á»£c ká»‡ vá»",5
41,"gá»— CN, cÃ³ láº½ dÃ¹ng Ä‘Æ°á»£c 3-5 nÄƒm, báº¯t thÃªm ke gÃ³c cho cháº¯c cháº¯n",5
42,"Multiple tiers for ample storage space, Sturdy and durable wooden material, Versatile and convenient wooden shelf, but this is very thin",5
43,"ÄÃ¡ng tiá»n:há»™p Ä‘áº¹p, gáº¥p ráº¥t gá»n. cháº¥t liá»‡u lÃ  váº£i vÃ  giáº¥y nÃªn khÃ´ng thá»ƒ giáº·t hay lÃ m Æ°á»›t Ä‘Æ°á»£c, chá»‰ dÃ¹ng Ä‘á»ƒ sáº¯p xáº¿p Ä‘á»“ láº·t váº·t linh tinh thÃ´i nhÆ°ng sá»©c chá»©a lá»›n. KÃ­ch thÆ°á»›c vá»«a vá»›i Ã´ tá»§ tá»• ong. Náº¿u cáº§n thÃªm sáº½ quay láº¡i.",5
44,"giao nhanh hÆ¡n dá»± kiáº¿n, Ä‘áº§y Ä‘á»§ Ä‘á»“ nhÆ°ng mÃ  khÃ´ng Ä‘Ãºng mÃ u tÃ´i Ä‘áº·t vÃ  gá»— cÃ³ 1 Ä‘Æ°á»ng ná»©t cÅ©ng ko Ä‘áº¿n ná»—i nÃ o. NÃ³i chung cÅ©ng á»•n.",4
45,"Ká»‡ tÆ°Æ¡ng Ä‘á»‘i cháº¯c cháº¯n, Ä‘á»ƒ Ä‘á»“ nháº¹ vÃ  trong mÃ´i trÆ°á»ng khÃ´ rÃ¡o thÃ¬ cÅ©ng á»•n, phÃ¹ há»£p vá»›i giÃ¡ tiá»n, hÃ¬nh áº£nh mang tÃ­nh minh hoáº¡ nhÆ°ng sp giá»‘ng hÃ¬nh qc",5
46,"Sáº£n pháº©m Ä‘Ãºng nhÆ° mÃ´ táº£ , hÃ¬nh thá»©c giao hÃ ng nhanh, chÆ°a dÃ¹ng lÃ¢u nÃªn chÆ°a Ä‘Ã¡nh giÃ¡ Ä‘Æ°á»£c cháº¥t lÆ°á»£ng sáº£n pháº©m nhÆ°ng váº«n táº·ng shop nÄƒm sao Ä‘á»ƒ Ä‘á»™ng viÃªn shop cÃ³ nhá»¯ng sáº£n pháº©m cháº¥t lÆ°á»£ng tá»‘t hÆ¡n.",5
47,"ká»‡ ráº¥t Ä‘áº¹p. ráº¥t cháº¯c cháº¯n. má»i ngÆ°á»i nÃªn mua nhÃ©, shop Ä‘Ã³ng gÃ³i ráº¥t cáº©n tháº­n. láº§n t2 mua cá»§a shop",5
48,"Dá»… dÃ ng láº¯p rÃ¡p vÃ  thÃ¡o rá»i,",5
49,"ğŸ¨Thiáº¿t káº¿:Cháº¥t liá»‡u gá»— cháº¯c cháº¯n vÃ  bá»n,",5
50,"Nhiá»u táº§ng cho khÃ´ng gian lÆ°u trá»¯ rá»™ng rÃ£i, Tay nghá» cháº¥t lÆ°á»£ng cao,",5
51,CÃ³ nhá»¯ng táº¥m bá»‹ lá»—i nhÆ° hÃ¬nh. CÃ²n láº¡i cÅ©ng dá»… láº¯p rÃ¡p. Cháº¥t lÆ°á»£ng phuc há»£p vá»›i giÃ¡ tiá»n,4
52,"Ká»‡ gá»— Ä‘a nÄƒng ká»‡ gá»— tá»• ong gá»— PDF, ká»‡ ráº¥t Ä‘áº¹p ráº¥t hÃ i lÃ²ng. Láº§n sau sáº½ á»§ng há»™ tiáº¿p",5
53,"cháº¥t liá»‡u táº¡m á»•n, cÃ²n nhiá»u gÃ³c chÆ°a xá»­ lÃ½ nÃªn khi láº¯p rÃ¡p dá»… xÆ°á»›c tay",5
54,"Cháº¥t gá»— mÃ¹n cÆ°a hÆ¡i má»m, Ä‘á»ƒ Ä‘Æ°á»£c Ä‘á»“ nháº¹ nháº¹ trÃ¡nh áº©m Æ°á»›t, giÃ¡ cáº£ pháº£i trÄƒng",5
55,cháº¥t lÆ°á»£ng táº¡m á»•n. cÃ²n nhiewuf gÃ³c chÆ°a xá»­ lÃ½ kÄ© nÃªn lÃºc láº¯p rÃ¡p dá»… xÆ°á»›c tay,5
56,"Versatile and convenient wooden shelf, High-quality craftsmanship, Versatile and convenient wooden shelf, Perfect for organizing and displaying items, Perfect for organizing and displaying items, Sturdy and durable wooden material,",5
57,"CÃ³ nhiá»u kÃ­ch cá»¡ khÃ¡c nhau Ä‘á»ƒ Ä‘Ã¡p á»©ng nhu cáº§u khÃ¡c nhau, Tay nghá» cháº¥t lÆ°á»£ng cao, Dá»… láº¯p rÃ¡p, dá»…",5
58,"CÃ³ nhiá»u kÃ­ch cá»¡ khÃ¡c nhau Ä‘á»ƒ Ä‘Ã¡p á»©ng nhu cáº§u khÃ¡c nhau, Dá»… dÃ ng láº¯p rÃ¡p vÃ  thÃ¡o rá»i, Ká»‡ gá»— Ä‘a nÄƒng tiá»‡n dá»¥ng, Ká»‡ gá»— Ä‘a nÄƒng tiá»‡n dá»¥ng, Nhiá»u táº§ng cho khÃ´ng gian lÆ°u trá»¯ rá»™ng rÃ£i,",5
59,"Äáº¹p, dá»… láº¯p rÃ¡p, thiáº¿t káº¿ tráº» trung, hiÃªn Ä‘áº¡i, chá»©a Ä‘Æ°á»£c ráº¥t nhiá»u Ä‘á»“ dÃ¹ng. .ÄÃ¡ng tiá»n, nÃªn mua nhÃ©.",5
60,Ká»‡ gá»— Ä‘a nÄƒng ká»‡ gá»— tá»• ong gá»— MDF ráº¥t Ä‘áº¹p. NhÆ°ng khÃ´ng Ä‘áº·t vá»«a A4,5
